ID,Entity,System From,System To,SystemsInScope,FeatureInScope,InScope,Usage#,Description,Method,Technology,Comments,Default InScope,In Template,flowchart TD,Name,Type,Complexity,NewMod,NoOfUnits,WP,Adjustor
AdminIdentity:Backoffice-ERP,AdminIdentity,Backoffice,ERP,Y,N,N,1,,Synchronization,,,N,Y,Backoffice[Back Office] --> |Admin Identity| ERP,AdminIdentity:Backoffice-ERP,commerce integration components,medium,new,1,WP 3,1
AdminUser:ERP-eCommerce,AdminUser,ERP,eCommerce,Y,N,N,1,,Synchronization,,,N,Y,ERP[SAP] --> |Admin User| eCommerce,AdminUser:ERP-eCommerce,commerce integration components,medium,new,1,WP 3,1
Interacton:Frontend-Analitics,Interacton,Frontend,Analitics,Y,Y,Y,1,,Synchronization,,Analytics-Analytics,N,Y,Frontend[Frontend] --> |User Interaction| Analitics,Interacton:Frontend-Analitics,commerce integration components,medium,new,1,WP 31,1
Case:Frontend-CRM,Case,Frontend,CRM,Y,N,N,2,,Presentation,,,N,Y,Frontend[Frontend] --> |Support Case| CRM,Case:Frontend-CRM,commerce integration components,simple,new,1,WP 3,1
Case:CRM-Frontend,Case,CRM,Frontend,Y,N,N,2,,Presentation,,,N,Y,CRM[Salesforce] --> |Support Case| Frontend,Case:CRM-Frontend,commerce integration components,simple,new,1,WP 3,1
Case:Frontend-Middleware,Case,Frontend,Middleware,Y,N,N,1,,Synchronization,,,N,Y,Frontend[Frontend] --> |Support Case| Middleware,Case:Frontend-Middleware,commerce integration components,medium,new,1,WP 3,1
Case:Middleware-CRM,Case,Middleware,CRM,Y,N,N,1,,Synchronization,,,N,Y,Middleware[Mulesoft] --> |Support Case| CRM,Case:Middleware-CRM,commerce integration components,medium,new,1,WP 10,1
Case:CRM-Middleware,Case,CRM,Middleware,Y,N,N,1,,Synchronization,,,N,Y,CRM[Salesforce] --> |Support Case| Middleware,Case:CRM-Middleware,commerce integration components,medium,new,1,WP 10,1
Case:Middleware-Frontend,Case,Middleware,Frontend,Y,N,N,1,,Synchronization,,,N,Y,Middleware[Mulesoft] --> |Support Case| Frontend,Case:Middleware-Frontend,commerce integration components,medium,new,1,WP 10,1
ProductCategory:eCommerce-GlueAPI,ProductCategory,eCommerce,GlueAPI,Y,N,N,1,,PublicAPI,,,N,Y,eCommerce[eCommerce] --> |Product Category| GlueAPI,ProductCategory:eCommerce-GlueAPI,commerce integration components,medium,new,1,WP 3,1
CustomerAccount:eCommerce-Middleware,CustomerAccount,eCommerce,Middleware,Y,Y,Y,1,Not in SFDC estimation,Synchronization,,"SFDC / SAP? ? GIS / Gravity?-Customer Corporate Structure?(Accounts, Business Units, Addreses)?",N,Y,eCommerce[eCommerce] --> |Company Customer Account| Middleware,CustomerAccount:eCommerce-Middleware,commerce integration components,medium,new,1,WP 31,1
ProductCategory:ERP-eCommerce,ProductCategory,ERP,eCommerce,Y,Y,N,1,,Synchronization,,,N,Y,ERP[SAP] --> |Product Category| eCommerce,ProductCategory:ERP-eCommerce,commerce integration components,medium,new,1,WP 3,1
ProductCategory:CSV-eCommerce,ProductCategory,CSV,eCommerce,Y,Y,N,1,Import standarized CSV via CLI. An OOTB feature.,Synchronization,,,Y,Y,CSV[CSV files] --> |Product Category| eCommerce,ProductCategory:CSV-eCommerce,commerce integration components,medium,new,1,WP 3,1
Chat:CRM-Frontend,Chat,CRM,Frontend,Y,N,N,1,,Presentation,,,N,Y,CRM[Salesforce] --> |Live Chat| Frontend,Chat:CRM-Frontend,commerce integration components,medium,new,1,WP 3,1
CustomerAccount:CRM-eCommerce,CustomerAccount,CRM,eCommerce,Y,Y,N,1,,Synchronization,,,N,Y,CRM[Salesforce] --> |Company Customer Account| eCommerce,CustomerAccount:CRM-eCommerce,commerce integration components,medium,new,1,WP 3,1
CustomerAccount:eCommerce-CRM,CustomerAccount,eCommerce,CRM,Y,Y,N,1,,Synchronization,,,N,Y,eCommerce[eCommerce] --> |Company Customer Account| CRM,CustomerAccount:eCommerce-CRM,commerce integration components,medium,new,1,WP 3,1
CustomerAccount:CRM-Middleware,CustomerAccount,CRM,Middleware,Y,Y,N,1,,Synchronization,,,N,Y,CRM[Salesforce] --> |Company Customer Account| Middleware,CustomerAccount:CRM-Middleware,commerce integration components,medium,new,1,WP 10,1
CustomerAccount:Middleware-eCommerce,CustomerAccount,Middleware,eCommerce,Y,Y,N,1,,Synchronization,,,N,Y,Middleware[Mulesoft] --> |Company Customer Account| eCommerce,CustomerAccount:Middleware-eCommerce,commerce integration components,complex,new,1,WP 3,1
CustomerAddress:eCommerce-Middleware,CustomerAddress,eCommerce,Middleware,Y,Y,Y,1,Not in SFDC estimation,,,"SFDC / SAP? ? GIS / Gravity?-Customer Corporate Structure?(Accounts, Business Units, Addreses)?",N,Y,eCommerce[eCommerce] --> |Company Customer Adress| Middleware,CustomerAddress:eCommerce-Middleware,commerce integration components,medium,new,1,WP 31,1
CustomerAccount:Middleware-CRM,CustomerAccount,Middleware,CRM,Y,Y,N,1,,Synchronization,,,N,Y,Middleware[Mulesoft] --> |Company Customer Account| CRM,CustomerAccount:Middleware-CRM,commerce integration components,medium,new,1,WP 10,1
CustomerAccount:CSV-eCommerce,CustomerAccount,CSV,eCommerce,Y,Y,N,1,Import standarized CSVs via CLI. An OOTB feature.,Synchronization,,,Y,Y,CSV[CSV files] --> |Company Customer Account| eCommerce,CustomerAccount:CSV-eCommerce,configuration objects type 3,simple,modified,1,WP 3,1
CustomerAddress:CRM-Middleware,CustomerAddress,CRM,Middleware,Y,Y,N,1,,,part of account synchronization,,N,Y,CRM[Salesforce] --> |Company Customer Adress| Middleware,CustomerAddress:CRM-Middleware,commerce integration components,medium,new,1,WP 10,1
CustomerAddress:Middleware-eCommerce,CustomerAddress,Middleware,eCommerce,Y,Y,N,1,,,part of account synchronization,,N,Y,Middleware[Mulesoft] --> |Company Customer Adress| eCommerce,CustomerAddress:Middleware-eCommerce,commerce integration components,medium,new,1,WP 3,1
CustomerIdentity:Gigya-eCommerce,CustomerIdentity,Gigya,eCommerce,Y,Y,Y,1,Not in SFDC estimation,Presentation,,,N,Y,Gigya[Consent and Authorization Management] --> |Customer Identity| eCommerce,CustomerIdentity:Gigya-eCommerce,commerce integration components,medium,new,1,WP 31,1
CustomerAddress:Middleware-CRM,CustomerAddress,Middleware,CRM,Y,Y,N,1,,,part of account synchronization,,N,Y,Middleware[Mulesoft] --> |Company Customer Adress| CRM,CustomerAddress:Middleware-CRM,commerce integration components,medium,new,1,WP 10,1
CustomerAddress:CSV-eCommerce,CustomerAddress,CSV,eCommerce,Y,Y,N,1,Import standarized CSVs via CLI. An OOTB feature.,Synchronization,,,Y,Y,CSV[CSV files] --> |Company Customer Adress| eCommerce,CustomerAddress:CSV-eCommerce,configuration objects type 3,simple,modified,1,WP 3,1
CustomerAddress:Middleware-ESA,CustomerAddress,Middleware,ESA,N,Y,N,1,,,part of account synchronization,,N,N,Middleware[Mulesoft] --> |Company Customer Adress| ESA,CustomerAddress:Middleware-ESA,commerce integration components,medium,new,1,WP 10,1
CustomerAddress:ESA-Middleware,CustomerAddress,ESA,Middleware,N,Y,N,1,,,part of account synchronization,,N,N,ESA[ESA] --> |Company Customer Adress| Middleware,CustomerAddress:ESA-Middleware,commerce integration components,medium,new,1,WP 10,1
CustomerBU:CSV-eCommerce,CustomerBU,CSV,eCommerce,Y,Y,N,1,Import standarized CSVs via CLI. An OOTB feature.,Synchronization,,,Y,Y,CSV[CSV files] --> |Company Customer Business Unit| eCommerce,CustomerBU:CSV-eCommerce,configuration objects type 3,simple,modified,1,WP 3,1
CustomerBU:CRM-Middleware,CustomerBU,CRM,Middleware,Y,Y,N,1,,,,,N,Y,CRM[Salesforce] --> |Company Customer Business Unit| Middleware,CustomerBU:CRM-Middleware,commerce integration components,medium,new,1,WP 10,1
CustomerBU:Middleware-eCommerce,CustomerBU,Middleware,eCommerce,Y,Y,N,2,,,,,N,Y,Middleware[Mulesoft] --> |Company Customer Business Unit| eCommerce,CustomerBU:Middleware-eCommerce,commerce integration components,medium,new,1,WP 3,1
CustomerBU:Middleware-eCommerce,CustomerBU,Middleware,eCommerce,Y,Y,Y,2,Not in SFDC estimation,,,"SFDC / SAP? ? GIS / Gravity?-Customer Corporate Structure?(Accounts, Business Units, Addreses)?",N,Y,Middleware[Mulesoft] --> |Company Customer Business Unit| eCommerce,CustomerBU:Middleware-eCommerce,commerce integration components,medium,new,1,WP 31,1
CustomerBU:Middleware-CRM,CustomerBU,Middleware,CRM,Y,Y,N,1,,,,,N,Y,Middleware[Mulesoft] --> |Company Customer Business Unit| CRM,CustomerBU:Middleware-CRM,commerce integration components,medium,new,1,WP 10,1
CustomerBU:Middleware-ESA,CustomerBU,Middleware,ESA,N,Y,N,1,,,,,N,N,Middleware[Mulesoft] --> |Company Customer Business Unit| ESA,CustomerBU:Middleware-ESA,commerce integration components,medium,new,1,WP 10,1
CustomerBU:ESA-Middleware,CustomerBU,ESA,Middleware,N,Y,N,1,,,,,N,N,ESA[ESA] --> |Company Customer Business Unit| Middleware,CustomerBU:ESA-Middleware,commerce integration components,medium,new,1,WP 10,1
CustomerConsent:Frontend-Gigya,CustomerConsent,Frontend,Gigya,Y,Y,Y,1,Not in SFDC estimation,Synchronization,,"Gigya?-Auth & Consent?, no of unit 2 to cover bidirectional integration",N,Y,Frontend[Frontend] --> |Consent Dataset| Gigya,CustomerConsent:Frontend-Gigya,commerce integration components,simple,new,1,WP 31,1
CustomerUser:eCommerce-Gigya,CustomerUser,eCommerce,Gigya,Y,Y,Y,1,Not in SFDC estimation,Presentation,,Gigya?-Customer Users,N,Y,eCommerce[eCommerce] --> |Customer User| Gigya,CustomerUser:eCommerce-Gigya,commerce integration components,medium,new,1,WP 31,1
CustomerUser:CSV-eCommerce,CustomerUser,CSV,eCommerce,Y,Y,N,1,Import standarized CSVs via CLI. An OOTB feature.,Synchronization,,,Y,Y,CSV[CSV files] --> |Customer User| eCommerce,CustomerUser:CSV-eCommerce,configuration objects type 3,simple,modified,1,WP 3,1
CustomerUser:CRM-eCommerce,CustomerUser,CRM,eCommerce,Y,Y,N,1,,Synchronization,,,N,Y,CRM[Salesforce] --> |Customer User| eCommerce,CustomerUser:CRM-eCommerce,commerce integration components,medium,new,1,WP 3,1
CustomerUser:eCommerce-CRM,CustomerUser,eCommerce,CRM,Y,Y,N,1,,Synchronization,,,N,Y,eCommerce[eCommerce] --> |Customer User| CRM,CustomerUser:eCommerce-CRM,commerce integration components,medium,new,1,WP 3,1
CustomerUser:CRM-Middleware,CustomerUser,CRM,Middleware,Y,Y,N,1,,Synchronization,,,N,Y,CRM[Salesforce] --> |Customer User| Middleware,CustomerUser:CRM-Middleware,commerce integration components,medium,new,1,WP 10,1
CustomerUser:Middleware-eCommerce,CustomerUser,Middleware,eCommerce,Y,Y,N,1,,Synchronization,,,N,Y,Middleware[Mulesoft] --> |Customer User| eCommerce,CustomerUser:Middleware-eCommerce,commerce integration components,medium,new,1,WP 3,1
Media:MediaStorage-eCommerce,Media,MediaStorage,eCommerce,Y,Y,Y,1,,Synchronization,,ABB Library / MasterData?-Media / documentation links?,N,Y,"MediaStorage[Media Storage] --> |Media, assets| eCommerce",Media:MediaStorage-eCommerce,commerce integration components,medium,new,2,WP 31,1
CustomerUser:Middleware-CRM,CustomerUser,Middleware,CRM,Y,Y,N,1,,Synchronization,,,N,Y,Middleware[Mulesoft] --> |Customer User| CRM,CustomerUser:Middleware-CRM,commerce integration components,medium,new,1,WP 10,1
GoodsReceiptNote:eCommerce-P2P,GoodsReceiptNote,eCommerce,P2P,N,N,N,1,,Synchronization,,,N,Y,eCommerce[eCommerce] --> |Goods Receipt Note| P2P,GoodsReceiptNote:eCommerce-P2P,commerce integration components,medium,new,1,WP 3,1
GoodsReceiptNote:ERP-eCommerce,GoodsReceiptNote,ERP,eCommerce,Y,N,N,1,,Synchronization,,,N,Y,ERP[SAP] --> |Goods Receipt Note| eCommerce,GoodsReceiptNote:ERP-eCommerce,commerce integration components,medium,new,1,WP 3,1
InvoiceData:ERP-eCommerce,InvoiceData,ERP,eCommerce,Y,N,N,1,,Synchronization,,,N,Y,ERP[SAP] --> |Invoice| eCommerce,InvoiceData:ERP-eCommerce,commerce integration components,medium,new,1,WP 3,1
InvoiceData:ERP-Middleware,InvoiceData,ERP,Middleware,Y,N,N,1,,Synchronization,,,N,Y,ERP[SAP] --> |Invoice| Middleware,InvoiceData:ERP-Middleware,commerce integration components,medium,new,1,WP 10,1
InvoiceData:Middleware-eCommerce,InvoiceData,Middleware,eCommerce,Y,Y,N,1,,Synchronization,,,N,Y,Middleware[Mulesoft] --> |Invoice| eCommerce,InvoiceData:Middleware-eCommerce,commerce integration components,medium,new,1,WP 3,1
InvoiceData:P2P-eCommerce,InvoiceData,P2P,eCommerce,N,N,N,1,,Synchronization,,,N,Y,P2P[Procure-To-Pay] --> |Invoice| eCommerce,InvoiceData:P2P-eCommerce,commerce integration components,medium,new,1,WP 3,1
InvoiceData:P2P-ERP,InvoiceData,P2P,ERP,N,N,N,1,,Synchronization,,,N,Y,P2P[Procure-To-Pay] --> |Invoice| ERP,InvoiceData:P2P-ERP,commerce integration components,medium,new,1,WP 3,1
ProductsRelations:Middleware-eCommerce,ProductsRelations,Middleware,eCommerce,Y,Y,Y,1,,Synchronization,,parts,N,Y,Middleware[Mulesoft] --> |Parts_Relations| eCommerce,ProductsRelations:Middleware-eCommerce,commerce integration components,medium,new,1,WP 31,1
MerchantAccount:CSV-eCommerce,MerchantAccount,CSV,eCommerce,Y,N,N,2,,Import,,manual import of Service Branches,N,Y,CSV[CSV files] --> |Merchant| eCommerce,MerchantAccount:CSV-eCommerce,commerce integration components,simple,modified,1,WP 3,1
MerchantAccount:CSV-eCommerce,MerchantAccount,CSV,eCommerce,Y,N,N,2,Import standarized CSVs via CLI. An OOTB feature.,Synchronization,,,Y,Y,CSV[CSV files] --> |Merchant| eCommerce,MerchantAccount:CSV-eCommerce,configuration objects type 3,simple,modified,1,WP 3,1
MerchantAccount:CRM-eCommerce,MerchantAccount,CRM,eCommerce,Y,N,N,1,,Synchronization,,,N,Y,CRM[Salesforce] --> |Merchant| eCommerce,MerchantAccount:CRM-eCommerce,commerce integration components,medium,new,1,WP 3,1
MerchantAccount:eCommerce-CRM,MerchantAccount,eCommerce,CRM,Y,N,N,1,,Synchronization,,,N,Y,eCommerce[eCommerce] --> |Merchant| CRM,MerchantAccount:eCommerce-CRM,commerce integration components,medium,new,1,WP 3,1
MerchantAccount:ExtMerchant-eCommerce,MerchantAccount,ExtMerchant,eCommerce,N,N,N,1,,Synchronization,Manual,Sellers onboarding,N,Y,ExtMerchant[Merchant's System] --> |Merchant| eCommerce,MerchantAccount:ExtMerchant-eCommerce,commerce integration components,medium,new,1,WP 3,1
MerchantAccount:CRM-Middleware,MerchantAccount,CRM,Middleware,Y,N,N,1,,Synchronization,,parts; service branches,N,Y,CRM[Salesforce] --> |Merchant| Middleware,MerchantAccount:CRM-Middleware,commerce integration components,simple,new,1,WP 10,1
MerchantAccount:Middleware-eCommerce,MerchantAccount,Middleware,eCommerce,Y,N,N,1,,Synchronization,,parts; service branches,N,Y,Middleware[Mulesoft] --> |Merchant| eCommerce,MerchantAccount:Middleware-eCommerce,commerce integration components,simple,new,1,WP 3,1
MerchantAccount:ESA-Middleware,MerchantAccount,ESA,Middleware,N,N,N,1,,Synchronization,,parts; service branches,N,N,ESA[ESA] --> |Merchant| Middleware,MerchantAccount:ESA-Middleware,commerce integration components,simple,new,1,WP 10,1
MerchantSOH:CSV-eCommerce,MerchantSOH,CSV,eCommerce,Y,N,N,1,Import standarized CSVs via CLI. An OOTB feature.,Synchronization,,,Y,Y,CSV[CSV files] --> |Merchant's Stock On Hand| eCommerce,MerchantSOH:CSV-eCommerce,configuration objects type 3,simple,modified,1,WP 3,1
MerchantSOH:eCommerce-GlueAPI,MerchantSOH,eCommerce,GlueAPI,Y,N,N,1,,Presentation,,,N,Y,eCommerce[eCommerce] --> |Merchant's Stock On Hand| GlueAPI,MerchantSOH:eCommerce-GlueAPI,commerce integration components,medium,new,1,WP 3,1
MerchantSOH:ExtMerchant-eCommerce,MerchantSOH,ExtMerchant,eCommerce,N,Y,N,1,,Integration,,,N,Y,ExtMerchant[Merchant's System] --> |Merchant's Stock On Hand| eCommerce,MerchantSOH:ExtMerchant-eCommerce,commerce integration components,medium,new,1,WP 3,1
MerchantSOH:ExtMerchant-MerchantPortal,MerchantSOH,ExtMerchant,MerchantPortal,N,Y,N,1,,Import,,,N,Y,ExtMerchant[Merchant's System] --> |Merchant's Stock On Hand| MerchantPortal,MerchantSOH:ExtMerchant-MerchantPortal,commerce integration components,medium,new,1,WP 3,1
MerchantUser:CSV-eCommerce,MerchantUser,CSV,eCommerce,Y,N,N,1,Import standarized CSVs via CLI. An OOTB feature.,Synchronization,,,Y,Y,CSV[CSV files] --> |Merchant User| eCommerce,MerchantUser:CSV-eCommerce,configuration objects type 3,simple,modified,1,WP 3,1
MerchantUser:CRM-eCommerce,MerchantUser,CRM,eCommerce,Y,N,N,1,,Synchronization,,,N,Y,CRM[Salesforce] --> |Merchant User| eCommerce,MerchantUser:CRM-eCommerce,commerce integration components,medium,new,1,WP 3,1
MerchantUser:eCommerce-CRM,MerchantUser,eCommerce,CRM,Y,N,N,1,,Synchronization,,,N,Y,eCommerce[eCommerce] --> |Merchant User| CRM,MerchantUser:eCommerce-CRM,commerce integration components,medium,new,1,WP 3,1
Message:eCommerce-P2P,Message,eCommerce,P2P,N,N,N,1,,Presentation,,,N,Y,eCommerce[eCommerce] --> |Communication Message| P2P,Message:eCommerce-P2P,commerce integration components,medium,new,1,WP 3,1
Message:eCommerce-SMS,Message,eCommerce,SMS,N,N,N,1,,Synchronization,,,N,Y,eCommerce[eCommerce] --> |Communication Message| SMS,Message:eCommerce-SMS,commerce integration components,medium,new,1,WP 3,1
Offer:ExtMerchant-eCommerce,Offer,ExtMerchant,eCommerce,N,N,N,1,,Synchronization,,,N,Y,ExtMerchant[Merchant's System] --> |Offer| eCommerce,Offer:ExtMerchant-eCommerce,commerce integration components,medium,new,1,WP 3,1
Opportunity:Frontend-Middleware,Opportunity,Frontend,Middleware,Y,N,N,1,,Synchronization,,,N,Y,Frontend[Frontend] --> |Support Opportunity| Middleware,Opportunity:Frontend-Middleware,commerce integration components,medium,new,1,WP 3,1
Opportunity:Middleware-CRM,Opportunity,Middleware,CRM,Y,N,N,1,,Synchronization,,,N,Y,Middleware[Mulesoft] --> |Support Opportunity| CRM,Opportunity:Middleware-CRM,commerce integration components,medium,new,1,WP 10,1
Order:GlueAPI-eCommerce,Order,GlueAPI,eCommerce,Y,Y,N,1,,PublicAPI,,,N,Y,GlueAPI[Glue API] --> |Order master data| eCommerce,Order:GlueAPI-eCommerce,commerce integration components,medium,new,1,WP 3,1
Order:eCommerce-GlueAPI,Order,eCommerce,GlueAPI,Y,N,N,2,,PublicAPI,,,N,Y,eCommerce[eCommerce] --> |Order master data| GlueAPI,Order:eCommerce-GlueAPI,commerce integration components,medium,new,1,WP 3,1
Order:Backoffice-ExtMerchant,Order,Backoffice,ExtMerchant,N,Y,N,1,,Export,Manual,,N,Y,Backoffice[Back Office] --> |Order master data| ExtMerchant,Order:Backoffice-ExtMerchant,commerce integration components,medium,new,1,WP 3,1
Order:ExtMerchant-Backoffice,Order,ExtMerchant,Backoffice,N,Y,N,1,,Import,,,N,Y,ExtMerchant[Merchant's System] --> |Order master data| Backoffice,Order:ExtMerchant-Backoffice,commerce integration components,medium,new,1,WP 3,1
Order:eCommerce-ERP,Order,eCommerce,ERP,Y,Y,N,2,,Synchronization,,,N,Y,eCommerce[eCommerce] --> |Order master data| ERP,Order:eCommerce-ERP,commerce integration components,medium,new,1,WP 3,1
Order:ERP-eCommerce,Order,ERP,eCommerce,Y,Y,N,1,,Synchronization,,,N,Y,ERP[SAP] --> |Order master data| eCommerce,Order:ERP-eCommerce,commerce integration components,medium,new,1,WP 3,1
Product:Middleware-eCommerce,Product,Middleware,eCommerce,Y,Y,Y,1,,,,"ABB Library / MasterData?-Categories, Robots, Parts, Related, Predecesor?",N,N,Middleware[Mulesoft] --> |Product| eCommerce,Product:Middleware-eCommerce,commerce integration components,medium,new,3,WP 31,1
Order:Middleware-ERP,Order,Middleware,ERP,Y,Y,N,1,,Synchronization,,,N,Y,Middleware[Mulesoft] --> |Order master data| ERP,Order:Middleware-ERP,commerce integration components,medium,new,1,WP 10,1
Order:ERP-Middleware,Order,ERP,Middleware,Y,Y,N,1,,Synchronization,,,N,Y,ERP[SAP] --> |Order master data| Middleware,Order:ERP-Middleware,commerce integration components,medium,new,1,WP 10,1
ProductCategory:Middleware-eCommerce,ProductCategory,Middleware,eCommerce,Y,Y,Y,1,,,,"ABB Library / MasterData?-Categories, Robots, Parts, Related, Predecesor?",N,Y,Middleware[Mulesoft] --> |Product Category| eCommerce,ProductCategory:Middleware-eCommerce,commerce integration components,medium,new,1,WP 31,1
Order:eCommerce-P2P,Order,eCommerce,P2P,N,Y,N,1,,Synchronization,,,N,Y,eCommerce[eCommerce] --> |Order master data| P2P,Order:eCommerce-P2P,commerce integration components,medium,new,1,WP 3,1
Order:P2P-eCommerce,Order,P2P,eCommerce,N,Y,N,1,,Synchronization,,,N,Y,P2P[Procure-To-Pay] --> |Order master data| eCommerce,Order:P2P-eCommerce,commerce integration components,medium,new,1,WP 3,1
OrderDocuments:CRM-Middleware,OrderDocuments,CRM,Middleware,Y,N,N,1,,Synchronization,,vehicle,N,Y,CRM[Salesforce] --> |Order Documents| Middleware,OrderDocuments:CRM-Middleware,commerce integration components,medium,new,1,WP 10,1
OrderDocuments:Middleware-eCommerce,OrderDocuments,Middleware,eCommerce,Y,N,N,1,,Synchronization,,vehicle,N,Y,Middleware[Mulesoft] --> |Order Documents| eCommerce,OrderDocuments:Middleware-eCommerce,commerce integration components,medium,new,1,WP 3,1
Parts_Category:Mantis-eCommerce,Parts_Category,Mantis,eCommerce,N,N,N,1,,Synchronization,,parts,N,N,Mantis[Mantis] --> |Parts_Category| eCommerce,Parts_Category:Mantis-eCommerce,commerce integration components,simple,new,1,WP 3,1
Parts_Category:Mantis-Middleware,Parts_Category,Mantis,Middleware,N,N,N,1,,Synchronization,,parts,N,N,Mantis[Mantis] --> |Parts_Category| Middleware,Parts_Category:Mantis-Middleware,commerce integration components,medium,new,1,WP 10,1
Parts_Category:Middleware-eCommerce,Parts_Category,Middleware,eCommerce,Y,N,N,1,,Synchronization,,,N,N,Middleware[Mulesoft] --> |Parts_Category| eCommerce,Parts_Category:Middleware-eCommerce,commerce integration components,medium,new,1,WP 3,1
Parts_CustomerAccount:Middleware-eCommerce,Parts_CustomerAccount,Middleware,eCommerce,Y,N,N,1,,Synchronization,,parts,N,N,Middleware[Mulesoft] --> |Parts_CustomerAccount| eCommerce,Parts_CustomerAccount:Middleware-eCommerce,commerce integration components,medium,new,1,WP 3,1
Parts_CustomerAccount:ESA-eCommerce,Parts_CustomerAccount,ESA,eCommerce,N,N,N,1,,Synchronization,,parts; included in general integration of customer,N,N,ESA[ESA] --> |Parts_CustomerAccount| eCommerce,Parts_CustomerAccount:ESA-eCommerce,commerce integration components,medium,new,1,WP 3,1
Parts_CustomerAccount:ESA-Middleware,Parts_CustomerAccount,ESA,Middleware,N,N,N,1,,Synchronization,,parts,N,N,ESA[ESA] --> |Parts_CustomerAccount| Middleware,Parts_CustomerAccount:ESA-Middleware,commerce integration components,medium,new,1,WP 10,1
Parts_CustomerAddress:Middleware-eCommerce,Parts_CustomerAddress,Middleware,eCommerce,Y,N,N,1,,Synchronization,,parts,N,N,Middleware[Mulesoft] --> |Parts_CustomerAddress| eCommerce,Parts_CustomerAddress:Middleware-eCommerce,commerce integration components,medium,new,1,WP 3,1
Parts_CustomerAddress:ESA-eCommerce,Parts_CustomerAddress,ESA,eCommerce,N,N,N,1,,Synchronization,,parts; included in general integration of customer,N,N,ESA[ESA] --> |Parts_CustomerAddress| eCommerce,Parts_CustomerAddress:ESA-eCommerce,commerce integration components,medium,new,1,WP 3,1
Parts_CustomerAddress:ESA-Middleware,Parts_CustomerAddress,ESA,Middleware,N,N,N,1,,Synchronization,,parts,N,N,ESA[ESA] --> |Parts_CustomerAddress| Middleware,Parts_CustomerAddress:ESA-Middleware,commerce integration components,medium,new,1,WP 10,1
Parts_CustomerBU:Middleware-eCommerce,Parts_CustomerBU,Middleware,eCommerce,Y,N,N,1,,Synchronization,,parts,N,N,Middleware[Mulesoft] --> |Parts_CustomerBU| eCommerce,Parts_CustomerBU:Middleware-eCommerce,commerce integration components,medium,new,1,WP 3,1
Parts_CustomerBU:ESA-eCommerce,Parts_CustomerBU,ESA,eCommerce,N,N,N,1,,Synchronization,,parts; included in general integration of customer,N,N,ESA[ESA] --> |Parts_CustomerBU| eCommerce,Parts_CustomerBU:ESA-eCommerce,commerce integration components,medium,new,1,WP 3,1
Parts_CustomerBU:ESA-Middleware,Parts_CustomerBU,ESA,Middleware,N,N,N,1,,Synchronization,,parts,N,N,ESA[ESA] --> |Parts_CustomerBU| Middleware,Parts_CustomerBU:ESA-Middleware,commerce integration components,medium,new,1,WP 10,1
Parts_CustomerUser:Middleware-eCommerce,Parts_CustomerUser,Middleware,eCommerce,Y,N,N,1,,Synchronization,,parts,N,N,Middleware[Mulesoft] --> |Parts_CustomerUser| eCommerce,Parts_CustomerUser:Middleware-eCommerce,commerce integration components,medium,new,1,WP 3,1
Parts_CustomerUser:ESA-eCommerce,Parts_CustomerUser,ESA,eCommerce,N,N,N,1,,Synchronization,,parts; included in general integration of customer,N,N,ESA[ESA] --> |Parts_CustomerUser| eCommerce,Parts_CustomerUser:ESA-eCommerce,commerce integration components,medium,new,1,WP 3,1
Parts_CustomerUser:ESA-Middleware,Parts_CustomerUser,ESA,Middleware,N,N,N,1,,Synchronization,,parts,N,N,ESA[ESA] --> |Parts_CustomerUser| Middleware,Parts_CustomerUser:ESA-Middleware,commerce integration components,medium,new,1,WP 10,1
Parts_Images:Mantis-eCommerce,Parts_Images,Mantis,eCommerce,N,N,N,1,,Synchronization,,parts,N,N,Mantis[Mantis] --> |Parts_Images| eCommerce,Parts_Images:Mantis-eCommerce,commerce integration components,simple,new,1,WP 3,1
Parts_Images:Mantis-Middleware,Parts_Images,Mantis,Middleware,N,N,N,1,,Synchronization,,parts,N,N,Mantis[Mantis] --> |Parts_Images| Middleware,Parts_Images:Mantis-Middleware,commerce integration components,medium,new,1,WP 10,1
Parts_Images:Middleware-eCommerce,Parts_Images,Middleware,eCommerce,Y,N,N,1,,Synchronization,,,N,N,Middleware[Mulesoft] --> |Parts_Images| eCommerce,Parts_Images:Middleware-eCommerce,commerce integration components,medium,new,1,WP 3,1
Parts_Order:eCommerce-ESA,Parts_Order,eCommerce,ESA,N,N,N,1,,Synchronization,,parts,N,N,eCommerce[eCommerce] --> |Parts_Order| ESA,Parts_Order:eCommerce-ESA,commerce integration components,medium,new,1,WP 3,1
Parts_Order:ESA-eCommerce,Parts_Order,ESA,eCommerce,N,N,N,1,,Synchronization,,parts,N,N,ESA[ESA] --> |Parts_Order| eCommerce,Parts_Order:ESA-eCommerce,commerce integration components,medium,new,1,WP 3,1
Parts_Product:Mantis-eCommerce,Parts_Product,Mantis,eCommerce,N,N,N,2,,Synchronization,,parts,N,N,Mantis[Mantis] --> |Parts_Product| eCommerce,Parts_Product:Mantis-eCommerce,commerce integration components,complex,new,1,WP 3,1
Parts_Product:Mantis-Middleware,Parts_Product,Mantis,Middleware,N,N,N,1,,Synchronization,,parts,N,N,Mantis[Mantis] --> |Parts_Product| Middleware,Parts_Product:Mantis-Middleware,commerce integration components,medium,new,1,WP 10,1
Parts_Product:Middleware-eCommerce,Parts_Product,Middleware,eCommerce,Y,N,N,1,,Synchronization,,,N,N,Middleware[Mulesoft] --> |Parts_Product| eCommerce,Parts_Product:Middleware-eCommerce,commerce integration components,medium,new,1,WP 3,1
Parts_Product:eCommerce-GlueAPI,Parts_Product,eCommerce,GlueAPI,Y,N,N,1,,PublicAPI,,,N,N,eCommerce[eCommerce] --> |Parts_Product| GlueAPI,Parts_Product:eCommerce-GlueAPI,commerce integration components,medium,new,1,WP 3,1
ProductsRelations:Mantis-eCommerce,ProductsRelations,Mantis,eCommerce,N,Y,N,1,,Synchronization,,parts,N,Y,Mantis[Mantis] --> |Parts_Relations| eCommerce,ProductsRelations:Mantis-eCommerce,commerce integration components,medium,new,1,WP 3,1
ProductsRelations:Mantis-Middleware,ProductsRelations,Mantis,Middleware,N,Y,N,1,,Synchronization,,parts,N,Y,Mantis[Mantis] --> |Parts_Relations| Middleware,ProductsRelations:Mantis-Middleware,commerce integration components,medium,new,1,WP 10,1
Quote:eCommerce-Middleware,Quote,eCommerce,Middleware,Y,Y,Y,1,,,,CPQ?-Quotation Management?,N,N,eCommerce[eCommerce] --> |Quote| Middleware,Quote:eCommerce-Middleware,commerce integration components,complex,new,1,WP 31,1
Payment:eCommerce-PSP,Payment,eCommerce,PSP,N,N,N,1,,Synchronization,,,N,Y,eCommerce[eCommerce] --> |Payment| PSP,Payment:eCommerce-PSP,commerce integration components,medium,new,1,WP 3,1
PickupLocation:ERP-eCommerce,PickupLocation,ERP,eCommerce,Y,N,N,1,,Import,,,N,Y,ERP[SAP] --> |Pickup Location| eCommerce,PickupLocation:ERP-eCommerce,commerce integration components,medium,new,1,WP 3,1
Price:CSV-eCommerce,Price,CSV,eCommerce,Y,N,N,1,Import standarized CSVs via CLI. An OOTB feature.,Synchronization,,,Y,Y,CSV[CSV files] --> |Price| eCommerce,Price:CSV-eCommerce,configuration objects type 3,simple,modified,1,WP 3,1
Price:CXR-eCommerce,Price,CXR,eCommerce,N,Y,N,1,,Synchronization,,,N,Y,CXR[Currency Exchange Rates] --> |Price| eCommerce,Price:CXR-eCommerce,commerce integration components,medium,new,1,WP 3,1
Price:eCommerce-GlueAPI,Price,eCommerce,GlueAPI,Y,N,N,1,,PublicAPI,,,N,Y,eCommerce[eCommerce] --> |Price| GlueAPI,Price:eCommerce-GlueAPI,commerce integration components,medium,new,1,WP 3,1
Price:ERP-eCommerce,Price,ERP,eCommerce,Y,Y,N,1,,Synchronization,,,N,Y,ERP[SAP] --> |Price| eCommerce,Price:ERP-eCommerce,commerce integration components,medium,new,1,WP 3,1
Price:ERP-Middleware,Price,ERP,Middleware,Y,Y,N,1,,Synchronization,,,N,Y,ERP[SAP] --> |Price| Middleware,Price:ERP-Middleware,commerce integration components,medium,new,1,WP 10,1
Quote:Middleware-eCommerce,Quote,Middleware,eCommerce,Y,Y,Y,1,,,,CPQ?-Quotation Management?,N,N,Middleware[Mulesoft] --> |Quote| eCommerce,Quote:Middleware-eCommerce,commerce integration components,complex,new,1,WP 31,1
Price:ExtMerchant-MerchantPortal,Price,ExtMerchant,MerchantPortal,N,Y,N,1,,Import,Manual,,N,Y,ExtMerchant[Merchant's System] --> |Price| MerchantPortal,Price:ExtMerchant-MerchantPortal,commerce integration components,medium,new,1,WP 3,1
Documentation:Middleware-eCommerce,Documentation,Middleware,eCommerce,Y,Y,Y,1,,,,,N,N,Middleware[Mulesoft] --> |Documentation| eCommerce,Documentation:Middleware-eCommerce,commerce integration components,medium,new,1,WP 31,1
Product:ERP-eCommerce,Product,ERP,eCommerce,Y,Y,N,1,,,,,N,N,ERP[SAP] --> |Product| eCommerce,Product:ERP-eCommerce,commerce integration components,medium,new,1,WP 3,1
Product:CSV-eCommerce,Product,CSV,eCommerce,Y,Y,N,1,"Import standarized CSVs via CLI. An OOTB feature.
Optionally, assets is available: 1. import CSV via Back Office 2. Import CSVs from S3",Synchronization,Manual,,Y,Y,CSV[CSV files] --> |Product| eCommerce,Product:CSV-eCommerce,commerce integration components,simple,modified,1,WP 3,1
Product:ExtMerchant-eCommerce,Product,ExtMerchant,eCommerce,N,Y,N,1,,Synchronization,,,N,Y,ExtMerchant[Merchant's System] --> |Product| eCommerce,Product:ExtMerchant-eCommerce,commerce integration components,medium,new,1,WP 3,1
Product:ExtMerchant-MerchantPortal,Product,ExtMerchant,MerchantPortal,N,Y,N,1,,Import,Manual,,N,Y,ExtMerchant[Merchant's System] --> |Product| MerchantPortal,Product:ExtMerchant-MerchantPortal,commerce integration components,medium,new,1,WP 3,1
Product:eCommerce-GlueAPI,Product,eCommerce,GlueAPI,Y,N,N,2,,,,,,,eCommerce[eCommerce] --> |Product| GlueAPI,Product:eCommerce-GlueAPI,,,,,,
ProductBundle:CSV-eCommerce,ProductBundle,CSV,eCommerce,Y,N,N,1,,Import,,,Y,Y,CSV[CSV files] --> |ProductBundle| eCommerce,ProductBundle:CSV-eCommerce,commerce integration components,medium,new,1,WP 3,1
ProductDetails:CWC-eCommerce,ProductDetails,CWC,eCommerce,N,N,N,1,,Import,,,N,Y,CWC[CWC] --> |Configuration Product Details| eCommerce,ProductDetails:CWC-eCommerce,commerce integration components,medium,new,1,WP 3,1
ProductDetails:CWC-Middleware,ProductDetails,CWC,Middleware,N,N,N,1,,Import,,,N,Y,CWC[CWC] --> |Configuration Product Details| Middleware,ProductDetails:CWC-Middleware,commerce integration components,medium,new,1,WP 10,1
ProductDetails:PIM-eCommerce,ProductDetails,PIM,eCommerce,N,Y,N,1,,Import,,,N,Y,PIM[PIM] --> |Configuration Product Details| eCommerce,ProductDetails:PIM-eCommerce,commerce integration components,medium,new,1,WP 3,1
ProductDetails:PIM-Middleware,ProductDetails,PIM,Middleware,N,Y,N,1,,Import,,,N,Y,PIM[PIM] --> |Configuration Product Details| Middleware,ProductDetails:PIM-Middleware,commerce integration components,medium,new,1,WP 10,1
GuidedSelling:Middleware-Frontend,GuidedSelling,Middleware,Frontend,Y,Y,Y,1,,,,,N,N,Middleware[Mulesoft] --> |Guided Selling| Frontend,GuidedSelling:Middleware-Frontend,commerce integration components,medium,new,1,WP 31,1
Refund:eCommerce-PSP,Refund,eCommerce,PSP,N,N,N,1,,Synchronization,,,N,Y,eCommerce[eCommerce] --> |Refund| PSP,Refund:eCommerce-PSP,commerce integration components,medium,new,1,WP 3,1
Refund:PSP-eCommerce,Refund,PSP,eCommerce,N,N,N,1,,Synchronization,,,N,Y,PSP[Payment Service Provider] --> |Refund| eCommerce,Refund:PSP-eCommerce,commerce integration components,medium,new,1,WP 3,1
ResidualValue:ResidualValueEngine-Frontend,ResidualValue,ResidualValueEngine,Frontend,N,N,N,1,,Presentation,,vehicle,N,Y,ResidualValueEngine[Residual Value Engine] --> |Vehicle Residual Value| Frontend,ResidualValue:ResidualValueEngine-Frontend,commerce integration components,simple,new,1,WP 3,1
ResidualValue:Frontend-ResidualValueEngine,ResidualValue,Frontend,ResidualValueEngine,N,N,N,1,,,,,N,Y,Frontend[Frontend] --> |Vehicle Residual Value| ResidualValueEngine,ResidualValue:Frontend-ResidualValueEngine,commerce integration components,medium,new,1,WP 3,1
ResidualValue:ResidualValueEngine-Middleware,ResidualValue,ResidualValueEngine,Middleware,N,N,N,1,,Presentation,,vehicle,N,Y,ResidualValueEngine[Residual Value Engine] --> |Vehicle Residual Value| Middleware,ResidualValue:ResidualValueEngine-Middleware,commerce integration components,simple,new,1,WP 10,1
ResidualValue:Middleware-Frontend,ResidualValue,Middleware,Frontend,Y,N,N,1,,Presentation,,vehicle,N,Y,Middleware[Mulesoft] --> |Vehicle Residual Value| Frontend,ResidualValue:Middleware-Frontend,commerce integration components,simple,new,1,WP 10,1
ResidualValue:Frontend-Middleware,ResidualValue,Frontend,Middleware,Y,N,N,1,,,,,N,Y,Frontend[Frontend] --> |Vehicle Residual Value| Middleware,ResidualValue:Frontend-Middleware,commerce integration components,medium,new,1,WP 3,1
ResidualValue:Middleware-ResidualValueEngine,ResidualValue,Middleware,ResidualValueEngine,N,N,N,1,,,,,N,Y,Middleware[Mulesoft] --> |Vehicle Residual Value| ResidualValueEngine,ResidualValue:Middleware-ResidualValueEngine,commerce integration components,medium,new,1,WP 10,1
Shipment:eCommerce-GlueAPI,Shipment,eCommerce,GlueAPI,Y,N,N,1,,PublicAPI,,API: Advanced Shipping Notification,N,Y,eCommerce[eCommerce] --> |Shipment| GlueAPI,Shipment:eCommerce-GlueAPI,commerce integration components,medium,new,1,WP 3,1
Shipment:ERP-eCommerce,Shipment,ERP,eCommerce,Y,N,N,1,,Synchronization,,,N,Y,ERP[SAP] --> |Shipment| eCommerce,Shipment:ERP-eCommerce,commerce integration components,medium,new,1,WP 3,1
Shipment:P2P-eCommerce,Shipment,P2P,eCommerce,N,N,N,1,,Synchronization,,,N,Y,P2P[Procure-To-Pay] --> |Shipment| eCommerce,Shipment:P2P-eCommerce,commerce integration components,medium,new,1,WP 3,1
ShipToLocation:WorkshopInfo-eCommerce,ShipToLocation,WorkshopInfo,eCommerce,N,N,N,1,,,,,N,Y,WorkshopInfo[Workshop Information System (TBC)] --> |Ship To Location| eCommerce,ShipToLocation:WorkshopInfo-eCommerce,commerce integration components,medium,new,1,WP 3,1
StockOnHand:CSV-eCommerce,StockOnHand,CSV,eCommerce,Y,N,N,2,,Synchronization,,parts stock bulk import,Y,Y,CSV[CSV files] --> |Stock| eCommerce,StockOnHand:CSV-eCommerce,commerce integration components,simple,modified,1,WP 3,1
[TO REMOVE]StockOnHand:CSV-eCommerce,StockOnHand,CSV,eCommerce,Y,N,N,0,Import standarized CSVs via CLI. An OOTB feature.,Synchronization,,,Y,Y,CSV[CSV files] --> |Stock| eCommerce,[TO REMOVE]StockOnHand:CSV-eCommerce,configuration objects type 3,simple,modified,1,WP 3,1
StockOnHand:eCommerce-GlueAPI,StockOnHand,eCommerce,GlueAPI,Y,N,N,1,,PublicAPI,,API: Availability,N,Y,eCommerce[eCommerce] --> |Stock| GlueAPI,StockOnHand:eCommerce-GlueAPI,commerce integration components,medium,new,1,WP 3,1
StockOnHand:ERP-eCommerce,StockOnHand,ERP,eCommerce,Y,Y,N,1,,Synchronization,,,N,Y,ERP[SAP] --> |Stock| eCommerce,StockOnHand:ERP-eCommerce,commerce integration components,medium,new,1,WP 3,1
StockOnHand:ExtMerchant-MerchantPortal,StockOnHand,ExtMerchant,MerchantPortal,N,Y,N,1,,Import,Manual,,N,Y,ExtMerchant[Merchant's System] --> |Stock| MerchantPortal,StockOnHand:ExtMerchant-MerchantPortal,commerce integration components,medium,new,1,WP 3,1
StockOnHand:ExtMerchant-eCommerce,StockOnHand,ExtMerchant,eCommerce,N,Y,N,1,,,,,N,Y,ExtMerchant[Merchant's System] --> |Stock| eCommerce,StockOnHand:ExtMerchant-eCommerce,commerce integration components,medium,new,1,WP 3,1
StockOnHand:ERP-Middleware,StockOnHand,ERP,Middleware,Y,Y,N,1,,Synchronization,,,N,Y,ERP[SAP] --> |Stock| Middleware,StockOnHand:ERP-Middleware,commerce integration components,medium,new,1,WP 10,1
UserExperience:Frontend-Medallia,UserExperience,Frontend,Medallia,Y,Y,Y,1,,,,Medalia-User experience,N,N,Frontend[Frontend] --> |User Experience| Medallia,UserExperience:Frontend-Medallia,commerce integration components,medium,new,1,WP 31,1
StockOnHand:ESA-eCommerce,StockOnHand,ESA,eCommerce,N,N,N,1,,Synchronization,,parts rest on demand stock check,N,N,ESA[ESA] --> |Stock| eCommerce,StockOnHand:ESA-eCommerce,commerce integration components,medium,modified,1,WP 3,1
StockOnHand:ESA-Middleware,StockOnHand,ESA,Middleware,N,N,N,1,,Synchronization,,parts rest on demand stock check,N,N,ESA[ESA] --> |Stock| Middleware,StockOnHand:ESA-Middleware,commerce integration components,medium,new,1,WP 10,1
ProductionOpenSlot:CSV-eCommerce,ProductionOpenSlot,CSV,eCommerce,Y,N,N,1,,Import,Manual,vehicle,N,Y,CSV[CSV files] --> |Open Slot| eCommerce,ProductionOpenSlot:CSV-eCommerce,commerce integration components,simple,new,1,WP 3,1
ServicePackage:CSV-eCommerce,ServicePackage,CSV,eCommerce,Y,Y,N,1,,Import,,vehicle; manual import from backoffice,N,Y,CSV[CSV files] --> |Service package| eCommerce,ServicePackage:CSV-eCommerce,commerce integration components,medium,new,1,WP 3,1
VanServicePackagePrice:CSV-eCommerce,VanServicePackagePrice,CSV,eCommerce,Y,Y,N,1,,Import,Manual,vehicle; manual import from backoffice,N,Y,CSV[CSV files] --> |Service package price| eCommerce,VanServicePackagePrice:CSV-eCommerce,commerce integration components,simple,new,1,WP 3,1
VanVehiclePrice:CWC-eCommerce,VanVehiclePrice,CWC,eCommerce,N,Y,N,1,,Synchronization,,Van Vehicle price integration (per van sku or/and cusomer id),N,N,CWC[CWC] --> |Vehicle price| eCommerce,VanVehiclePrice:CWC-eCommerce,commerce integration components,medium,modified,1,WP 3,1
VanVehiclePrice:CWC-Middleware,VanVehiclePrice,CWC,Middleware,N,Y,N,1,,Synchronization,,vehicle,N,N,CWC[CWC] --> |Vehicle price| Middleware,VanVehiclePrice:CWC-Middleware,commerce integration components,medium,new,1,WP 10,1
VanVehiclePrice:Middleware-eCommerce,VanVehiclePrice,Middleware,eCommerce,Y,Y,N,1,,Synchronization,,vehicle,N,N,Middleware[Mulesoft] --> |Vehicle price| eCommerce,VanVehiclePrice:Middleware-eCommerce,commerce integration components,medium,new,1,WP 3,1
VanVehiclePrice:CRM-Middleware,VanVehiclePrice,CRM,Middleware,Y,Y,N,1,,Synchronization,,vehicle,N,N,CRM[Salesforce] --> |Vehicle price| Middleware,VanVehiclePrice:CRM-Middleware,commerce integration components,medium,new,1,WP 10,1
SerialNumberToBOM:VehicleService-eCommerce,SerialNumberToBOM,VehicleService,eCommerce,N,Y,N,1,,Presentation,,parts,N,N,VehicleService[Vehicle Service Info Layer] --> |Serial Number to BOM translation| eCommerce,SerialNumberToBOM:VehicleService-eCommerce,commerce integration components,medium,new,1,WP 3,1
SerialNumberToBOM:VehicleService-Middleware,SerialNumberToBOM,VehicleService,Middleware,N,Y,N,1,,Synchronization,,parts,N,N,VehicleService[Vehicle Service Info Layer] --> |Serial Number to BOM translation| Middleware,SerialNumberToBOM:VehicleService-Middleware,commerce integration components,medium,new,1,WP 10,1
Case:eCommerce-Middleware,Case,eCommerce,Middleware,Y,Y,Y,1,Not in SFDC estimation,,,"SFDC ?(Service Cloud / Filed Service)?-Case / Tech Support?, SFDC ?(Service Cloud / Filed Service)?-Service Agreements?",N,N,eCommerce[eCommerce] --> |Support Case| Middleware,Case:eCommerce-Middleware,commerce integration components,medium,new,1,WP 32,1
Case:Middleware-eCommerce,Case,Middleware,eCommerce,Y,Y,Y,1,Not in SFDC estimation,,,"SFDC ?(Service Cloud / Filed Service)?-Case / Tech Support?, SFDC ?(Service Cloud / Filed Service)?-Service Agreements?",N,N,Middleware[Mulesoft] --> |Support Case| eCommerce,Case:Middleware-eCommerce,commerce integration components,medium,new,1,WP 32,1
Order:eCommerce-Middleware,Order,eCommerce,Middleware,Y,Y,Y,1,,Synchronization,,OMS-Order placement and updates?,N,Y,eCommerce[eCommerce] --> |Order master data| Middleware,Order:eCommerce-Middleware,commerce integration components,medium,new,1,WP 32,1
Order:Middleware-eCommerce,Order,Middleware,eCommerce,Y,Y,Y,1,,Synchronization,,OMS-Order placement and updates?,N,Y,Middleware[Mulesoft] --> |Order master data| eCommerce,Order:Middleware-eCommerce,commerce integration components,medium,new,1,WP 32,1
Price:Middleware-eCommerce,Price,Middleware,eCommerce,Y,Y,Y,1,,Synchronization,,PROS-Pricing (customer specific)?,N,Y,Middleware[Mulesoft] --> |Price| eCommerce,Price:Middleware-eCommerce,commerce integration components,medium,new,1,WP 32,1
InstalledBase:eCommerce-Middleware,InstalledBase,eCommerce,Middleware,Y,Y,Y,1,,,,WebConfig-Installed Base?,N,N,eCommerce[eCommerce] --> |Installed Base| Middleware,InstalledBase:eCommerce-Middleware,commerce integration components,medium,new,1,WP 32,1
InstalledBase:Middleware-eCommerce,InstalledBase,Middleware,eCommerce,Y,Y,Y,1,,Import,,WebConfig-Installed Base?,N,Y,Middleware[Mulesoft] --> |Installed Base| eCommerce,InstalledBase:Middleware-eCommerce,commerce integration components,medium,new,1,WP 32,1
SerialNumberToBOM:Middleware-eCommerce,SerialNumberToBOM,Middleware,eCommerce,Y,Y,Y,1,,Presentation,,WebConfig-Details / BOM Search?,N,N,Middleware[Mulesoft] --> |Serial Number to BOM translation| eCommerce,SerialNumberToBOM:Middleware-eCommerce,commerce integration components,medium,new,1,WP 32,1
StockOnHand:Middleware-eCommerce,StockOnHand,Middleware,eCommerce,Y,Y,Y,2,,Synchronization,,SAP?-Stock?,N,Y,Middleware[Mulesoft] --> |Stock| eCommerce,StockOnHand:Middleware-eCommerce,commerce integration components,medium,new,1,WP 32,1
ServiceAgreement:Middleware-Frontend,ServiceAgreement,Middleware,Frontend,Y,Y,Y,1,Not in SFDC estimation,,,,N,Y,Middleware[Mulesoft] --> |Service Agreement| Frontend,ServiceAgreement:Middleware-Frontend,commerce integration components,medium,new,1,WP 32,1
ServiceIntervention:Middleware-Frontend,ServiceIntervention,Middleware,Frontend,Y,Y,Y,1,Not in SFDC estimation,,,,N,N,Middleware[Mulesoft] --> |Service Intervention| Frontend,ServiceIntervention:Middleware-Frontend,commerce integration components,simple,new,1,WP 32,1
