ID,Area,Feature,Description,PCB,System,InScope,Usage#,Name,Type,Complexity,NewMod,NoOfUnits,WP,Adjustor,Comments,Functional assumptions
Analytics and Reporting-Customer Experience Management,Analytics and Reporting,Customer Experience Management,,Custom,Backoffice,N,1,Customer Experience Management,commerce business modules,medium,new,1,WP 1,100%,,
Cart & Checkout-Approval Process,Cart & Checkout,Approval Process,is a workflow management system that allows your customers to define purchasing and clearance limits within their Company Account structure,B2B,Frontend,N,1,Approval Process,configuration objects type 1,medium,modified,1,WP 1,100%,,
CRM-Case/Tech Support,CRM,Case/Tech Support,,Custom,Frontend,N,1,Case/Tech Support,commerce business modules,medium,new,2,WP 1,100%,,
Cart & Checkout-Cart Functionality & Calculations,Cart & Checkout,Cart Functionality & Calculations,"Add and remove products by simply selecting the desired quantity on PDP and PLP.
Persistent cart",Base,Frontend,Y,1,Cart Functionality & Calculations,configuration objects type 3,simple,modified,1,WP 1,100%,https://docs.spryker.com/docs/pbc/all/cart-and-checkout/202307.0/base-shop/cart-feature-overview/cart-feature-overview.html,
Cart & Checkout-Cart page,Cart & Checkout,Cart page,"Landing page to manage a cart. Edit qty/remove items, add note per item, redeem code, totals, merchandizing areas (e.g. Similar products)",Base,Frontend,Y,1,Cart page,configuration objects type 3,medium,modified,1,WP 1,100%,,
Cart & Checkout-Checkout step - customer,Cart & Checkout,Checkout step - customer,"Management of Login, Register or Checkout as a guest",Base,Frontend,Y,1,Checkout step - customer,configuration objects type 3,simple,modified,1,WP 1,100%,https://docs.spryker.com/docs/pbc/all/cart-and-checkout/202307.0/base-shop/extend-and-customize/checkout-steps.html ,
Cart & Checkout-Checkout step - delivery & billing addresses,Cart & Checkout,Checkout step - delivery & billing addresses,"Assigning delivery address to cart item; addresses may differ
Selection of one billing address;
Address book for logged in users",Base,Frontend,Y,1,Checkout step - delivery & billing addresses,configuration objects type 3,medium,modified,1,WP 1,100%,,
Cart & Checkout-Checkout step - payment,Cart & Checkout,Checkout step - payment,Allow user to choose payment method from multiple payment methods,Base,Frontend,Y,1,Checkout step - payment,configuration objects type 3,medium,modified,1,WP 1,100%,,
Cart & Checkout-Checkout step - place order,Cart & Checkout,Checkout step - place order,Information on placed order,Base,Frontend,Y,1,Checkout step - place order,configuration objects type 3,medium,modified,1,WP 1,100%,,
Cart & Checkout-Checkout step - split delivery,Cart & Checkout,Checkout step - split delivery,Splitting the marketplace order into different shipments based on merchants who will process them (checkout step);,Marketplace,Frontend,N,1,Checkout step - split delivery,configuration objects type 1,simple,modified,1,WP 1,100%,https://docs.spryker.com/docs/pbc/all/order-management-system/202307.0/base-shop/order-management-feature-overview/split-delivery-overview.html ,
Cart & Checkout-Checkout step - success,Cart & Checkout,Checkout step - success,Success information on placed order,Base,Frontend,N,1,Checkout step - success,configuration objects type 3,medium,modified,1,WP 1,100%,,
Cart & Checkout-Checkout step - shipment,Cart & Checkout,Checkout step - shipment,Selection of delivery address and delivery time,Base,Frontend,Y,1,Checkout step - shipment,configuration objects type 3,medium,modified,1,WP 1,100%,,
Cart & Checkout-Comments Widget,Cart & Checkout,Comments Widget,With the flexible Comments Widget you are free to decide where in your web shop comments should be allowed.,Base,Frontend,N,1,Comments Widget,commerce business modules,Complex,New,1,WP 1,100%,,
Cart & Checkout-Custom Order Reference,Cart & Checkout,Custom Order Reference,Custom Order Reference allows B2B customers to add a reference to an external system on the order,B2B,Frontend,N,1,Custom Order Reference,commerce business modules,Complex,New,1,WP 1,100%,,
Cart & Checkout-Download cart items,Cart & Checkout,Download cart items,Download cart item list as CSV or Excell,Custom,Frontend,N,1,Download cart items,commerce business modules,simple,new,1,WP 1,100%,"Only one, CSV, format is estimated. ",
Cart & Checkout-Global thresholds,Cart & Checkout,Global thresholds,Set a minimum/maximum order value for any of products,Base,Backoffice,N,1,Global thresholds,configuration objects type 1,Medium,New,1,WP 1,100%,,
Cart & Checkout-Configuration of non-splittable products,Cart & Checkout,Configuration of non-splittable products,"In the import file, you can set three values for quantity restrictions: minimum, maximum, and interval. The minimum value defines the smallest allowable quantity of a specific item in the cart. The maximum quantity restricts the allowable quantity of items in the cart to a specific value. The interval value determines an increment value by which the quantity can be changed.",Base,Backoffice,N,1,Configuration of non-splittable products,configuration objects type 1,simple,modified,1,WP 1,100%,https://docs.spryker.com/docs/pbc/all/cart-and-checkout/202311.0/base-shop/feature-overviews/non-splittable-products-feature-overview.html,
Cart & Checkout-Multi Cart,Cart & Checkout,Multi Cart,"Logged in users may have multiple carts and switch between them.
Possible actions to manage shopping carts: edit name, duplicate, share, dismiss, delete, switch cart to the shopping list",B2B,Frontend,N,1,Multi Cart,configuration objects type 1,medium,modified,1,WP 1,100%,https://docs.spryker.com/docs/pbc/all/cart-and-checkout/202307.0/base-shop/multiple-carts-feature-overview.html,
Cart & Checkout-Persistent Cart Sharing,Cart & Checkout,Persistent Cart Sharing,"The Persistent Cart Sharing feature lets company users generate the URL to share the cart with different access levels.
Customers can share a Cart with users in their department or a lower ranking Business Unit",B2B,Frontend,N,1,Persistent Cart Sharing,configuration objects type 3,simple,modified,1,WP 1,100%,https://docs.spryker.com/docs/pbc/all/cart-and-checkout/202307.0/base-shop/persistent-cart-sharing-feature-overview.html ,
Cart & Checkout-Quick Add to Cart,Cart & Checkout,Quick Add to Cart,Quickly order items by typing the product’s SKU and its quantity or via CSV upload,B2B,Frontend,N,1,Quick Add to Cart,configuration objects type 3,simple,modified,1,WP 1,100%,https://docs.spryker.com/docs/pbc/all/cart-and-checkout/202307.0/base-shop/cart-feature-overview/quick-order-from-the-catalog-page-overview.html,
Cart & Checkout-Checkout step - summary,Cart & Checkout,Checkout step - summary,Review of a checkout page,Base,Frontend,Y,1,Checkout step - summary,configuration objects type 3,medium,modified,1,WP 1,100%,,
DAM-WebConfig,DAM,WebConfig,WebConfig ABB,Custom,Frontend,N,1,WebConfig,commerce business modules,medium,new,1,WP 1,100%,,
CMS-CMS Templates & Slots,CMS,CMS Templates & Slots,"Templates and Slots lets content managers effectively and coherently interact with content using a dedicated template in Spryker—a template with slots. In the Back Office, a content manager has access to all the Storefront pages and can easily embed content into them. The embedded content is rendered by the Slot Widget.",Base,Backoffice,N,1,CMS Templates & Slots,commerce presentation components,medium,modified,1,WP 1,100%,https://docs.spryker.com/docs/pbc/all/content-management-system/202307.0/base-shop/cms-feature-overview/templates-and-slots-overview.html ,
CMS-Content Creation Workflows/Approvals ,CMS,Content Creation Workflows/Approvals ,Content Creation Workflows/Approvals ,Custom,Backoffice,N,1,Content Creation Workflows/Approvals ,commerce business modules,complex,modified,1,WP 1,100%,,
CMS-Content Item,CMS,Content Item,"The Content Items feature lets admins create and preserve small content pieces. Later, they are inserted into CMS blocks and, subsequently, into Storefront pages. Content items are rendered on Storefront using Content Item Widget.",Base,Backoffice,N,1,Content Item,configuration objects type 1,simple,modified,1,WP 1,100%,https://docs.spryker.com/docs/pbc/all/content-management-system/202307.0/base-shop/content-items-feature-overview.html,
CMS-Navigation,CMS,Navigation,"A navigation element is a page section that contains links to shop resources, as well as external resources.
Tree structure to support multiple levels of linking to a range of sources",Base,Frontend,Y,1,Navigation,configuration objects type 3,medium,modified,1,WP 1,100%,https://docs.spryker.com/docs/pbc/all/content-management-system/202307.0/base-shop/navigation-feature-overview.html#navigation-element,
CMS-Product Sets,CMS,Product Sets,"Storefront user can select variants per product in a set, add an individual or all products from the set to cart.
A Back Office user can add product sets to any page by creating a product set content item and adding it to CMS pages and blocks.",Base,Backoffice,N,1,Product Sets,configuration objects type 1,simple,modified,1,WP 1,100%,https://docs.spryker.com/docs/pbc/all/content-management-system/202307.0/base-shop/product-sets-feature-overview.html,
CMS-URL Redirects,CMS,URL Redirects,create content redirects to increase store's search engine visibility,Base,Backoffice,N,1,URL Redirects,configuration objects type 3,simple,new,1,WP 1,100%,,
CMS-CMS Pages / Landing Pages,CMS,CMS Pages / Landing Pages,"HTML page that you can create and edit in the Back Office using the WYSIWYG editor. 
Implementes page templating, validity period, store relation and content widgets.",Base,Backoffice,N,1,CMS Pages / Landing Pages,commerce presentation components,simple,new,6,WP 1,100%,https://docs.spryker.com/docs/pbc/all/content-management-system/202307.0/base-shop/cms-feature-overview/cms-pages-overview.html#cms-page-template,
CRM-Case Management/Ticketing Visibility,CRM,Case Management/Ticketing Visibility,CRM integration for Case Management/Ticketing Visibility,Custom,Frontend,N,1,Case Management/Ticketing Visibility,configuration objects type 1,simple,new,1,WP 1,100%,"Integration with SalesForce. Only frontend effor estimated.
See ""Storefront Case Management/Ticketing Visibility""",
CRM-Business on Behalf,CRM,Business on Behalf,The Business on Behalf feature lets you have multiple Company Users per Customer Account with the possibility to assign one Company User to be a default user. This default user can switch between the assigned business units,B2B,Frontend,Y,1,Business on Behalf,configuration objects type 3,medium,modified,1,WP 1,100%,https://docs.spryker.com/docs/pbc/all/customer-relationship-management/202307.0/base-shop/company-account-feature-overview/business-on-behalf-overview.html,
PIM-Downloadable/virtual products,PIM,Downloadable/virtual products,Non-physical product support,Custom,Backoffice,Y,1,Downloadable/virtual products,commerce business modules,medium,new,1,WP 1,100%,,
CRM-Company Account,CRM,Company Account,"On the Company Account page, the user has a clear overview of their business' structure, hierarchy, shipping and billing addresses, other users in their Business Unit",B2B,Frontend,Y,1,Company Account,commerce business modules,complex,modified,1,WP 1,100%,https://docs.spryker.com/docs/pbc/all/customer-relationship-management/202307.0/base-shop/company-account-feature-overview/company-accounts-overview.html ,
RFQ-Marketplace distributor RFQ,RFQ,Marketplace distributor RFQ,Price quote is requested from platform distributors not platform owner itself. ,Custom,Frontend,N,1,Marketplace distributor RFQ,commerce business modules,complex,new,1,WP 1,100%,,
CRM-Customer Access,CRM,Customer Access,"Customer Access lets store administrators define whether certain information is visible to logged-out users: price, order-place-submit, add-to-cart,wishlist, shopping-list",Base,Frontend,Y,1,Customer Access,configuration objects type 3,simple,modified,1,WP 1,100%,https://docs.spryker.com/docs/pbc/all/customer-relationship-management/202307.0/base-shop/customer-access-feature-overview.html,
CRM-Customer Accounts,CRM,Customer Accounts,"A customer account contains the following customer information about the Storefront: Contact details, Addresses, Order history, Preferences, such as language and shipping options",Base,Frontend,Y,1,Customer Accounts,commerce business modules,complex,modified,1,WP 1,100%,https://docs.spryker.com/docs/pbc/all/customer-relationship-management/202307.0/base-shop/customer-account-management-feature-overview/customer-accounts-overview.html,
CRM-Customer Groups,CRM,Customer Groups,Customer Groups used to organize customers into groups to help you target users for discounts and promotions.,Base,Backoffice,Y,1,Customer Groups,configuration objects type 3,simple,modified,1,WP 1,100%,https://docs.spryker.com/docs/pbc/all/customer-relationship-management/202307.0/base-shop/customer-account-management-feature-overview/customer-groups-overview.html,
CRM-Customer impersonation,CRM,Customer impersonation,Admin or internal user can login as specific customer,Base,Backoffice,Y,1,Customer impersonation,configuration objects type 3,medium,modified,1,WP 1,100%,,
CRM-Customer Login,CRM,Customer Login,"The feature with an secure password policy prevents brute-force.
Block a Storefront user account for some time after a certain number of login attempts.
Enforce the use of strong passwords by defining requirements for a password.",Base,Frontend,Y,1,Customer Login,commerce business modules,simple,modified,1,WP 1,100%,https://docs.spryker.com/docs/pbc/all/customer-relationship-management/202307.0/base-shop/customer-account-management-feature-overview/customer-login-overview.html,
CRM-Customer Registration,CRM,Customer Registration,"Customer registration is done by double opt-in. A double opt-in occurs when a user signs up, and an email with a registration confirmation link is sent to them. After they click the verification link, their account is activated.
Registration via checkout is available.",Base,Frontend,Y,1,Customer Registration,configuration objects type 3,simple,modified,1,WP 1,100%,https://docs.spryker.com/docs/pbc/all/customer-relationship-management/202307.0/base-shop/customer-account-management-feature-overview/customer-registration-overview.html,
DAM-File Manager,DAM,File Manager,The File Manager feature lets you upload and manage your assets (media files) effectively,Base,Backoffice,N,1,File Manager,configuration objects type 1,simple,new,1,WP 1,100%,,
CRM-Registration of new Company,CRM,Registration of new Company,new customers can register their company through a self-service registration form in your B2B online shop,0,Frontend,Y,1,Registration of new Company,configuration objects type 3,simple,modified,1,WP 1,100%,,
Discount-Cart rule,Discount,Cart rule,A cart rule is a discount that applies to a cart once all the decision rules linked to the cart rule are fulfilled.,Base,Backoffice,N,1,Cart rule,configuration objects type 1,simple,modified,1,WP 1,100%,https://docs.spryker.com/docs/pbc/all/discount-management/202307.0/base-shop/promotions-discounts-feature-overview.html#cart-rule,
Discount-Discounts based on shipment,Discount,Discounts based on shipment,"Activate a discount rule based on a shipment carrier, a shipment method, or a shipment price.
Based on custom shipment pre-check plugin to checkout.",Custom,Backoffice,N,1,Discounts based on shipment,,,,1,WP 1,100%,https://docs.spryker.com/docs/pbc/all/discount-management/202307.0/base-shop/create-discounts-based-on-shipment.html,
Discount-Promotions & Discounts,Discount,Promotions & Discounts,"The Discount Management feature lets shop owners provide free value to their customers by discounting the percentage or fixed sum of an order’s subtotal, or an item’s price on predefined conditions.",Base,Backoffice,N,1,Promotions & Discounts,configuration objects type 1,simple,modified,1,WP 1,100%,https://docs.spryker.com/docs/pbc/all/discount-management/202212.0/base-shop/promotions-discounts-feature-overview.html,
Discount-Vouchers,Discount,Vouchers,A voucher is a discount that applies when a customer enters an active voucher code on the Cart page.,Base,Backoffice,N,1,Vouchers,configuration objects type 1,simple,modified,1,WP 1,100%,https://docs.spryker.com/docs/pbc/all/discount-management/202307.0/base-shop/promotions-discounts-feature-overview.html#voucher,
Discount-Vouchers - export,Discount,Vouchers - export,Downloading a CSV file with the codes from Backoffice.,Base,Backoffice,N,1,Vouchers - export,configuration objects type 1,simple,modified,1,WP 1,100%,,
Discount-Vouchers - import,Discount,Vouchers - import,Import a CSV file with codes with reference to a Discount from Backoffice,Custom,Backoffice,N,1,Vouchers - import,commerce business modules,medium,new,1,WP 1,100%,,
CRM-Reorder,CRM,Reorder,Customers can go to the Order History page in their Customer Account and reorder either the entire order or individual items from it.,Base,Frontend,Y,1,Reorder,configuration objects type 3,simple,modified,1,WP 1,100%,https://docs.spryker.com/docs/pbc/all/customer-relationship-management/202307.0/base-shop/reorder-feature-overview.html,
IAM-SSO for Administrators,IAM,SSO for Administrators,Allowing users to log in to the Spryker Back Office with their Identity Access Manager credentials (OOTB integration with the MS Azure Active Directory),Base,Backoffice,N,1,SSO for Administrators,commerce integration components,complex,new,1,WP 1,100%,https://docs.spryker.com/docs/pbc/all/identity-access-management/202307.0/identity-access-management.html,
IAM-SSO for Customers,IAM,SSO for Customers,Allowing customers to log in with SSO based authentication,Custom,Frontend,Y,1,SSO for Customers,commerce business modules,medium,modified,1,WP 1,100%,,
IAM-SSO for Merchants,IAM,SSO for Merchants,Allowing customers to log in with Auth0 based authentication,Custom,MerchantPortal,N,1,SSO for Merchants,configuration objects type 1,simple,modified,1,WP 1,100%,,
Inventory-Availability Notification,Inventory,Availability Notification,Allow customers to opt-in for automated notifications when any unavailable product becomes available again.,Base,Frontend,N,1,Availability Notification,configuration objects type 3,simple,new,1,WP 1,100%,,
Inventory-Merchant Product Offers,Inventory,Merchant Product Offers,Merchant Offers help avoid confusing duplications of products in the Marketplace,Custom,MerchantPortal,N,1,Merchant Product Offers,commerce business modules,medium,new,1,WP 1,100%,,
Inventory-Stock and Availability management,Inventory,Stock and Availability management,"OOTB behaviour is when the order is made, the stock is not updated automatically in the system, this may be done manually or via customisation.
OOTB availability driven by OMS.
Covers Merchant Warehauses from Marketplace PCB.",Base,Backoffice,N,1,Stock and Availability management,commerce business modules,simple,modified,1,WP 1,100%,https://docs.spryker.com/docs/pbc/all/warehouse-management-system/202307.0/base-shop/inventory-management-feature-overview.html#avalara-warehouse-assignment-to-order-items ,
Inventory-Warehouse Management,Inventory,Warehouse Management,"Configure/import (from CSV) warehouses and assing them to store or storesin the Back Office.
Ability to define warehouse address that will be used as the shipping origin address by importing the warehouse address data.
Covers Merchant Warehauses from Marketplace PCB.",Base,Backoffice,N,1,Warehouse Management,commerce business modules,medium,new,1,WP 1,100%,https://docs.spryker.com/docs/pbc/all/warehouse-management-system/202307.0/base-shop/inventory-management-feature-overview.html#avalara-warehouse-assignment-to-order-items ,
Localisation & Translation-Back Office Translations,Localisation & Translation,Back Office Translations,The Back Office Translations feature introduces a way to translate the Administration interface (Zed) into different languages,Base,Backoffice,N,1,Back Office Translations,configuration objects type 3,medium,modified,1,WP 1,100%,https://docs.spryker.com/docs/pbc/all/back-office/202307.0/back-office-translations-overview.html ,
Localisation & Translation-Glossary Management,Localisation & Translation,Glossary Management,Store and manage basic text information in a variety languages,Base,Backoffice,N,1,Glossary Management,configuration objects type 3,simple,modified,1,WP 1,100%,,
Localisation & Translation-Storefront Translations,Localisation & Translation,Storefront Translations,Translations of content visible on Storefront,Base,Frontend,Y,1,Storefront Translations,configuration objects type 3,medium,modified,1,WP 1,100%,,
Merchant-Merchant Category,Merchant,Merchant Category,Ability to introduce convenient way to find the necessary and relevant merchants and their products according to certain merchant categories.,Marketplace,Backoffice,N,1,Merchant Category,configuration objects type 1,simple,modified,1,WP 1,100%,https://docs.spryker.com/docs/pbc/all/merchant-management/202307.0/marketplace/merchant-category-feature-overview.html,
Merchant-Merchant Management,Merchant,Merchant Management,"The Operator can create, edit, and approve Merchants and Merchant Users, allowing them access to the Merchant Portal.",Marketplace,Backoffice,N,1,Merchant Management,,,,1,WP 1,100%,https://docs.spryker.com/docs/pbc/all/merchant-management/202307.0/marketplace/manage-in-the-back-office/manage-merchants-and-merchant-users-in-the-back-office.html ,
Merchant-Merchant Portal,Merchant,Merchant Portal,"The Marketplace Merchant Portal Core enables server configuration and basic functions of the Merchant Portal application, such as secure login, GUI tables, and dashboards. ",Marketplace,MerchantPortal,N,1,Merchant Portal,configuration objects type 1,simple,modified,1,WP 1,100%,https://docs.spryker.com/docs/pbc/all/merchant-management/202307.0/marketplace/marketplace-merchant-portal-core-feature-overview/marketplace-merchant-portal-core-feature-overview.html ,
Merchant-Merchant Portal Login,Merchant,Merchant Portal Login,Ability for Merchant users to login into Merchant Portal. Inbuild authorisation.,Marketplace,MerchantPortal,N,1,Merchant Portal Login,configuration objects type 1,simple,modified,1,WP 1,100%,,
Merchant-Merchant Product Offers,Merchant,Merchant Product Offers,"The Product Offer entity is created when multiple merchants need to sell the same product on the Marketplace.
Marketplace administrators can view and approve or deny merchants’ product offers in the Back Office.",Marketplace,MerchantPortal,N,1,Merchant Product Offers,configuration objects type 1,simple,modified,1,WP 1,100%,https://docs.spryker.com/docs/pbc/all/offer-management/202307.0/marketplace/marketplace-product-offer-feature-overview.html ,
Merchant-Merchant Product Restrictions,Merchant,Merchant Product Restrictions,"The Product Restrictions feature lets merchants define the products that are available to each of their B2B customers.
List of products is crated in Backoffice, not Merchant Portal, or imported via CSV.",B2B,Backoffice,N,1,Merchant Product Restrictions,configuration objects type 1,simple,modified,1,WP 1,100%,https://docs.spryker.com/docs/pbc/all/merchant-management/202307.0/base-shop/merchant-product-restrictions-feature-overview/merchant-product-restrictions-feature-overview.html ,
Merchant-Merchant Profile,Merchant,Merchant Profile,Ability for Merchant to create and edit the information on himself that is being displayed on the Merchant profile page to customers.,Marketplace,MerchantPortal,N,1,Merchant Profile,commerce business modules,medium,new,1,WP 1,100%,,
Notifications-Email notifications,Notifications,Email notifications,"Automated emails related to customer and transactional operations (order status, shipping etc).",Base,Backoffice,N,1,Email notifications,configuration objects type 3,medium,new,1,WP 1,100%,https://docs.spryker.com/docs/pbc/all/emails/202307.0/emails.html#transactional-email-management ,
Notifications-Receipient integration with Salesforce,Notifications,Receipient integration with Salesforce,Receipient integration with Salesforce,Custom,eCommerce,N,1,Receipient integration with Salesforce,commerce integration components,medium,new,1,WP 1,100%,,
Notifications-SMS notifications,Notifications,SMS notifications,Integration with external service for SMS handling,Custom,eCommerce,N,1,SMS notifications,commerce integration components,medium,new,1,WP 1,100%,,
OMS-Annual Returns for Backoffice,OMS,Annual Returns for Backoffice,Annual Returns for Backoffice,Custom,Backoffice,N,1,Annual Returns for Backoffice,commerce business modules,complex,new,1,WP 1,100%,,
OMS-Annual Returns. Approval,OMS,Annual Returns. Approval,Annual Returns. Approval,Custom,Frontend,N,1,Annual Returns. Approval,commerce business modules,medium,new,1,WP 1,100%,,
OMS-Annual Returns. Create and Status,OMS,Annual Returns. Create and Status,Annual Returns. Create and Status,Custom,Frontend,N,1,Annual Returns. Create and Status,commerce business modules,medium,new,1,WP 1,100%,Build data models and state machine,
OMS-Annual Returns. Credit Memo,OMS,Annual Returns. Credit Memo,Annual Returns. Credit Memo,Custom,Frontend,N,1,Annual Returns. Credit Memo,commerce business modules,medium,new,1,WP 1,100%,,
OMS-Annual Returns. Download,OMS,Annual Returns. Download,Annual Returns. Download,Custom,Frontend,N,1,Annual Returns. Download,commerce business modules,simple,new,1,WP 1,100%,Download Excel form file,
OMS-Invoice Generation,OMS,Invoice Generation,An automated Invoice Generator sends out order invoices to customers via email.,Base,Backoffice,N,1,Invoice Generation,configuration objects type 3,simple,modified,1,WP 1,100%,https://docs.spryker.com/docs/pbc/all/order-management-system/202307.0/base-shop/order-management-feature-overview/invoice-generation-overview.html ,
OMS-Merchant Orders Management,OMS,Merchant Orders Management,The Operator can view and manage general Marketplace and specific Merchant orders,Marketplace,MerchantPortal,N,1,Merchant Orders Management,configuration objects type 1,simple,modified,1,WP 1,100%,,
OMS-Order Cancellation,OMS,Order Cancellation,Ability to cancel an order by customer and in Back Office. Integrated with State Machine.,Base,Frontend,N,1,Order Cancellation,commerce business modules,simple,modified,1,WP 1,100%,https://docs.spryker.com/docs/pbc/all/order-management-system/202307.0/base-shop/order-management-feature-overview/order-cancellation-overview.html ,
PIM-Guided Selling,PIM,Guided Selling,,Custom,Frontend,Y,1,Guided Selling,commerce business modules,medium,new,1,WP 1,100%,,
OMS-Order Split for multiple ERP,OMS,Order Split for multiple ERP,Order Split for multiple ERP,Custom,Backoffice,N,1,Order Split for multiple ERP,commerce integration components,medium,new,1,WP 1,100%,,
OMS-Packing Slip Download for Merchant,OMS,Packing Slip Download for Merchant,Packing Slip Download,Custom,Frontend,N,1,Packing Slip Download for Merchant,commerce business modules,simple,new,1,WP 1,100%,PDF generation,
OMS-Packing Slip for Merchant,OMS,Packing Slip for Merchant,Packing Slip,Custom,Frontend,N,1,Packing Slip for Merchant,commerce business modules,simple,new,1,WP 1,100%,Data model ,
OMS-Reclamations Management in Backoffice,OMS,Reclamations Management in Backoffice,"The Reclamations feature provides a way for administrators to handle all the customer order claims. The shop administrators can create, view, and edit the reclamations in the dedicated section of the Administration Interface.
Reclamation management not available in Merchant Portal.",Base,Backoffice,N,1,Reclamations Management in Backoffice,configuration objects type 1,simple,modified,1,WP 1,100%,https://docs.spryker.com/docs/pbc/all/order-management-system/202307.0/base-shop/reclamations-feature-overview.html#related-business-user-documents,
OMS-Refunds,OMS,Refunds,"Refunds handled automatically in the Back Office once the order has been delivered. Your customers can return the entire order or parts thereof by means of the order splitting mechanism. Every order contains information about the total possible refund value and how much has already been refunded.
Refunds management not available in Merchant Portal.",Base,Backoffice,N,1,Refunds,configuration objects type 1,simple,modified,1,WP 1,100%,https://docs.spryker.com/docs/pbc/all/order-management-system/202307.0/base-shop/refunds-feature-overview.html ,
OMS-Return Management,OMS,Return Management,"The Return Management capability lets you create and manage returns for sales orders.
The capability consists of a base shop and the marketplace addon",Base,Frontend,N,1,Return Management,configuration objects type 1,simple,modified,1,WP 1,100%,https://docs.spryker.com/docs/pbc/all/return-management/202307.0/return-management.html ,
OMS-Splittable Order Items,OMS,Splittable Order Items,"Ability configure if purchased items are to be splitted or not.
As a final step of checkout, for each item in the cart, sales order items are created. By default, each product concrete is splittable. ",Base,Backoffice,N,1,Splittable Order Items,configuration objects type 1,simple,modified,1,WP 1,100%,https://docs.spryker.com/docs/pbc/all/order-management-system/202307.0/base-shop/order-management-feature-overview/splittable-order-items-overview.html ,
IAM-Backend administrator user and roles setup,IAM,Backend administrator user and roles setup,Setup of 3 administrator roles and import of admin accounts within ootb format,Base,Backoffice,Y,1,Backend administrator user and roles setup,configuration objects type 3,simple,modified,1,WP 1,100%,,
PIM-Alternative Products,PIM,Alternative Products,"Ability to suggesting product alternatives to support browsing through catalog. Product alternatives let customers jump from one product page to the next until they find a relevant item.
On the product details page of a product that’s a product alternative for another product, you can see a Replacement for.",Base,Backoffice,N,1,Alternative Products,configuration objects type 3,simple,modified,1,WP 1,100%,https://docs.spryker.com/docs/pbc/all/product-information-management/202307.0/base-shop/feature-overviews/alternative-products-feature-overview.html ,
OMS-Order Management,OMS,Order Management,Manually manage orders (also create) via Back Office,Base,Backoffice,Y,1,Order Management,configuration objects type 3,simple,modified,1,WP 1,100%,,
OMS-State Machine Modelling,OMS,State Machine Modelling,"The State Machine allows to implement processes and map out business workflows, model the order process with states and transitions.",Base,Backoffice,Y,1,State Machine Modelling,configuration objects type 3,complex,modified,1,WP 1,100%,"https://docs.spryker.com/docs/pbc/all/order-management-system/202307.0/order-management-system.html 

https://docs.spryker.com/docs/pbc/all/order-management-system/202307.0/base-shop/datapayload-conversion/state-machine/order-process-modelling-via-state-machines.html#state-machine-module ",
PIM-Category Management,PIM,Category Management,Manage product catalog with customized categories and category pages to easily track and sort your items.,Base,Backoffice,Y,1,Category Management,configuration objects type 3,simple,modified,1,WP 1,100%,https://docs.spryker.com/docs/pbc/all/product-information-management/202307.0/base-shop/feature-overviews/category-management-feature-overview.html#root-parent-and-child-categories,
PIM-Category Pages. PLP.,PIM,Category Pages. PLP.,add multiple top and sub- category grid overview pages before drilling down to the product level,Base,Frontend,Y,1,Category Pages. PLP.,configuration objects type 3,complex,modified,1,WP 1,100%,,
PIM-Discontinued products,PIM,Discontinued products,Ability to mark a concrete product as a discontinued product. Discontinued is a product which is no longer produced by its manufacturer. The product may have positive or negative stock.,Base,Backoffice,N,1,Discontinued products,configuration objects type 3,simple,modified,1,WP 1,100%,https://docs.spryker.com/docs/pbc/all/product-information-management/202307.0/base-shop/feature-overviews/product-feature-overview/discontinued-products-overview.html ,
PIM-Configurable Bundle,PIM,Configurable Bundle,"A configurable bundle is a product bundle for which a Storefront User selects products on the Storefront. For example, when buying a kitchen set, a customer selects pieces of furniture, like drawers, cupboards, or cabinets, from suggested options.",Base,Backoffice,N,1,Configurable Bundle,configuration objects type 3,simple,modified,1,WP 1,100%,https://docs.spryker.com/docs/pbc/all/product-information-management/202307.0/base-shop/feature-overviews/configurable-bundle-feature-overview.html,
PIM-Gift Card,PIM,Gift Card,"The Gift Cards capability lets you create a special product type with a chosen value amount. The purchase of a gift card generates an individual code that can then be used as a payment method during checkout.
When paying for orders with a gift card, the gift cards are considered as an additional payment method.",Base,Frontend,N,1,Gift Card,configuration objects type 1,simple,modified,1,WP 1,100%,,
PIM-Configurable Product,PIM,Configurable Product,"The Configurable Product feature introduces a new type of product, a configurable product, that customers can customize.",Base,Backoffice,Y,1,Configurable Product,configuration objects type 3,medium,modified,1,WP 1,100%,https://docs.spryker.com/docs/pbc/all/product-information-management/202307.0/base-shop/feature-overviews/configurable-product-feature-overview/configurable-product-feature-overview.html#configurable-product,
PIM-Merchant Product Approval Process,PIM,Merchant Product Approval Process,The Operator can approve Merchant Products to control their product offerings,Marketplace,Backoffice,N,1,Merchant Product Approval Process,configuration objects type 3,simple,modified,1,WP 1,100%,,
CMS-Installed Bases,CMS,Installed Bases,,Custom,Frontend,N,1,Installed Bases,commerce business modules,medium,new,1,WP 1,100%,,
CMS-Marketplace,CMS,Marketplace,,Custom,Frontend,N,1,Marketplace,commerce business modules,medium,new,1,WP 1,100%,,
PIM-Product Barcode,PIM,Product Barcode,"The Product Barcode feature lets you create barcodes for any kind of entity. By default, barcodes are only generated for products.",Base,Backoffice,N,1,Product Barcode,configuration objects type 3,simple,modified,1,WP 1,100%,https://docs.spryker.com/docs/pbc/all/product-information-management/202307.0/base-shop/feature-overviews/product-barcode-feature-overview.html,
PIM-Product Abstraction,PIM,Product Abstraction,Build a product hierarchy structure with Abstract and Concrete Products,Base,Backoffice,Y,1,Product Abstraction,configuration objects type 3,medium,modified,1,WP 1,100%,https://docs.spryker.com/docs/pbc/all/product-information-management/202307.0/base-shop/feature-overviews/product-feature-overview/product-feature-overview.html#abstract-products-and-product-variants ,
DAM-Applications,DAM,Applications,,Custom,Frontend,N,1,Applications,commerce business modules,medium,new,1,WP 1,100%,,
PIM-Product Bundles,PIM,Product Bundles,"With the Product Bundles feature you can tie individual items together and sell them as a package. As opposed to a set, in which products are loosely grouped, the items in a bundle are always sold together.",Base,Backoffice,N,1,Product Bundles,configuration objects type 3,simple,modified,1,WP 1,100%,https://docs.spryker.com/docs/pbc/all/product-information-management/202307.0/base-shop/feature-overviews/product-bundles-feature-overview.html ,
PIM-Product Labels,PIM,Product Labels,The Product Label feature lets product catalog managers highlight the needed products by adding a special type of information—product labels.,Base,Backoffice,N,1,Product Labels,configuration objects type 3,simple,modified,1,WP 1,100%,https://docs.spryker.com/docs/pbc/all/product-information-management/202307.0/base-shop/feature-overviews/product-labels-feature-overview.html#product-label ,
PIM-Product Lists,PIM,Product Lists,The Product Lists feature lets you configure product availability for specific companies by adding their products to an excludelist or allowlist. ,B2B,Backoffice,N,1,Product Lists,configuration objects type 3,simple,modified,1,WP 1,100%,https://docs.spryker.com/docs/pbc/all/product-information-management/202307.0/base-shop/feature-overviews/product-lists-feature-overview.html#related-business-user-documents ,
PIM-Product Groups,PIM,Product Groups,"The Product Groups feature lets product catalog managers group products by attributes, like color or size. A typical use case is combining the same product in different colors into a product group (not to be confused with product variant).",Base,Backoffice,Y,1,Product Groups,configuration objects type 3,simple,modified,1,WP 1,100%,https://docs.spryker.com/docs/pbc/all/product-information-management/202307.0/base-shop/feature-overviews/product-groups-feature-overview.html ,
PIM-Product Relations,PIM,Product Relations,Define a list of items that will be displayed as comparable or additional products. ,Base,Backoffice,Y,1,Product Relations,configuration objects type 3,medium,modified,1,WP 1,100%,,
PIM-Ratings & Reviews,PIM,Ratings & Reviews,Ability for  customers to add star ratings for products and optionally add a comment through a freetext function,Base,Frontend,N,1,Ratings & Reviews,configuration objects type 3,simple,modified,1,WP 1,100%,,
PIM-Timed Product Availability,PIM,Timed Product Availability,"Timed concrete product availability, or product TTL (Time to Live) lets you define when your products are available online and when they are not. ",Base,Backoffice,N,1,Timed Product Availability,configuration objects type 3,simple,modified,1,WP 1,100%,https://docs.spryker.com/docs/pbc/all/product-information-management/202307.0/base-shop/feature-overviews/product-feature-overview/timed-product-availability-overview.html ,
Price -Customer Specific Prices,Price ,Customer Specific Prices,B2B solution. Offer specific prices to different customers,B2B,Backoffice,N,1,Customer Specific Prices,configuration objects type 3,simple,modified,1,WP 1,100%,,
Price -Merchant Custom Prices,Price ,Merchant Custom Prices,"In B2B commerce transactions, prices are typically negotiated in contracts. Therefore, merchants and their clients, who are usually company business units, expect to see their own prices in the shop.",Marketplace,Backoffice,N,1,Merchant Custom Prices,configuration objects type 3,simple,modified,1,WP 1,100%,,
Price -Net & Gross Price Mode,Price ,Net & Gross Price Mode,manage and define prices,Base,Backoffice,N,1,Net & Gross Price Mode,configuration objects type 3,simple,modified,1,WP 1,100%,,
Price -Scheduled Prices,Price ,Scheduled Prices,manage sales and promotion campaigns by scheduling all planned price changes,Base,Backoffice,N,1,Scheduled Prices,configuration objects type 3,simple,modified,1,WP 1,100%,,
Price -Volume Prices,Price ,Volume Prices,define individual prices for different order quantities of a product,Base,Backoffice,N,1,Volume Prices,configuration objects type 3,simple,modified,1,WP 1,100%,,
PSP-Payment Method,PSP,Payment Method,All orders can be paid with one or multiple payment methods which the customer can select during checkout.,Base,Backoffice,N,1,Payment Method,configuration objects type 3,medium,modified,1,WP 1,100%,,
PSP-Payment Service Provider Integration,PSP,Payment Service Provider Integration,Spryker offers integrations with several payment providers,Custom,Backoffice,N,1,Payment Service Provider Integration,commerce integration components,complex,modified,1,WP 1,100%,,
Report-Dashboard,Report,Dashboard,Ability to display an overview of the latest statistics and performance,Base,Backoffice,N,1,Dashboard,commerce business modules,simple,new,1,WP 1,100%,,
Report-Dashboard in Merchant Portal,Report,Dashboard in Merchant Portal,Ability to display an overview of the latest statistics and performance,Base,MerchantPortal,N,1,Dashboard in Merchant Portal,commerce business modules,simple,new,1,WP 1,100%,,
Report-Generic Marketplace Report,Report,Generic Marketplace Report,Various kinds of reports for Merchant,Custom,MerchantPortal,N,1,Generic Marketplace Report,reports type 3,medium,new,1,WP 1,100%,"Contain one chart, table with pagination, filtering by: business organization, order status, category, SKU, date range and seller. 
Can be downloaded as CSV",
PIM-Product Images,PIM,Product Images,The feature lets you group several images into sets and link them to products. One product can have several named and localized sets of images,Base,Backoffice,N,1,Product Images,configuration objects type 3,simple,modified,1,WP 1,100%,,
CRM-Third Party Delegations,CRM,Third Party Delegations,,Custom,Frontend,Y,1,Third Party Delegations,configuration objects type 3,medium,modified,1,WP 1,100%,,
RFQ-Marketplace distributor RFQ for Backoffice,RFQ,Marketplace distributor RFQ for Backoffice,Ability to see activity related to RFQ,Custom,Backoffice,N,1,Marketplace distributor RFQ for Backoffice,commerce business modules,complex,modified,1,WP 1,100%,,
PIM-Product Options,PIM,Product Options,The Product Options feature lets a Back Office user create and assign product options to abstract products. Product options are product additions that a customer can select on the product detail page before adding the product to the cart.,Base,Backoffice,Y,1,Product Options,configuration objects type 3,simple,modified,1,WP 1,100%,https://docs.spryker.com/docs/pbc/all/product-information-management/202307.0/base-shop/feature-overviews/product-options-feature-overview.html ,
Search-Application/Fitmnet,Search,Application/Fitmnet,Search by application. Automotive specitic.,Custom,Frontend,N,1,Application/Fitmnet,commerce business modules,medium,modified,1,WP 1,100%,,
DAM-DocumentationSearch,DAM,DocumentationSearch,,Custom,Frontend,Y,1,DocumentationSearch,commerce business modules,medium,new,1,WP 1,100%,,
Search-Find End Yoke,Search,Find End Yoke,Find End Yoke search component. Automotive specific.,Custom,Frontend,N,1,Find End Yoke,commerce business modules,medium,modified,1,WP 1,100%,,
RFQ-Quotation & Offer Management,RFQ,Quotation & Offer Management,"With the Quotation Process feature, the B2B customers can ask for special prices, and suppliers can get back to them with a compromise pricing suggestion.",B2B,Frontend,Y,1,Quotation & Offer Management,commerce business modules,medium,modified,1,WP 1,100%,https://docs.spryker.com/docs/pbc/all/request-for-quote/202307.0/request-for-quote.html ,
Search-Search Preferences,Search,Search Preferences,"Search Preferences; include in Full Text Search/suggestions/completion, Boost",Base,Backoffice,N,1,Search Preferences,configuration objects type 3,simple,modified,1,WP 1,100%,,
Search-Search within facet filter,Search,Search within facet filter,Manage faced filters to to narrow down search results,Base,Frontend,N,1,Search within facet filter,commerce business modules,medium,modified,1,WP 1,100%,Implement search within filter component,
Search-Visual Search,Search,Visual Search,Visual Search,Custom,Frontend,N,1,Visual Search,commerce business modules,complex,modified,1,WP 1,100%,,
Search-Year make model,Search,Year make model,Year make model search component. Automotive specific.,Custom,Frontend,N,1,Year make model,commerce business modules,medium,modified,1,WP 1,100%,,
SEO-SEO for catalog,SEO,SEO for catalog,"SEO for category pages. Metatags, breadcrumbs, headers",Custom,Frontend,N,1,SEO for catalog,commerce business modules,simple,new,1,WP 1,100%,,
SEO-SEO for products,SEO,SEO for products,"SEO for products. Metatags, breadcrumbs, headers",Base,Frontend,N,1,SEO for products,configuration objects type 3,simple,modified,1,WP 1,100%,,
SEO-Sitemap,SEO,Sitemap,Dedicated documented acting as sitemap,Custom,Backoffice,N,1,Sitemap,commerce business modules,medium,new,1,WP 1,100%,,
"Setup-Setup of local environment, DevOps with Spryker Cloud",Setup,"Setup of local environment, DevOps with Spryker Cloud","Setup of local environment, DevOps with Spryker Cloud",Asset,eCommerce,N,1,"Setup of local environment, DevOps with Spryker Cloud",commerce business modules,medium,modified,1,WP 1,100%,,
"Setup-Store, region, locales creation",Setup,"Store, region, locales creation","Store, region, locales creation",Asset,eCommerce,N,1,"Store, region, locales creation",configuration objects type 3,complex,modified,1,WP 1,100%,,
Shipment-Custom availability,Shipment,Custom availability,Business logic which controls availability of delivery method in a form of plugin class,Base,Backoffice,N,1,Custom availability,commerce business modules,simple,new,1,WP 1,100%,,
Shipment-Custom delivery time calculation,Shipment,Custom delivery time calculation,Business logic which controls delivery time calculation of delivery method in a form of plugin class,Base,Backoffice,N,1,Custom delivery time calculation,commerce business modules,simple,new,1,WP 1,100%,,
Shipment-Custom price calculation,Shipment,Custom price calculation,Business logic which controls price calculation of delivery method in a form of plugin class,Base,Backoffice,N,1,Custom price calculation,commerce business modules,simple,new,1,WP 1,100%,,
Shipment-Shipment Carriers & Methods management,Shipment,Shipment Carriers & Methods management,"Manual management of shipping methods; activeness, price and tax, store relation",Base,Backoffice,N,1,Shipment Carriers & Methods management,configuration objects type 3,simple,modified,1,WP 1,100%,https://docs.spryker.com/docs/pbc/all/carrier-management/202307.0/carrier-management.html ,
Shipment-Tracking code,Shipment,Tracking code,Save tracking codes per shipment,Custom,Backoffice,N,1,Tracking code,commerce business modules,medium,new,1,WP 1,100%,,
Shopping List & Wish List-Permission Management for Shopping Lists,Shopping List & Wish List,Permission Management for Shopping Lists,"Roles and Permissions for Shopping List users. By default, there are two Roles: read-only and full access",Base,Backoffice,N,1,Permission Management for Shopping Lists,configuration objects type 1,simple,modified,1,WP 1,1,,
Shopping List & Wish List-Shopping List Management,Shopping List & Wish List,Shopping List Management,coordinate orders with the Shopping List feature,Base,Frontend,N,1,Shopping List Management,configuration objects type 1,simple,modified,1,WP 1,1,,
Shopping List & Wish List-Wish List,Shopping List & Wish List,Wish List,"customers track and save items for later purchase through multiple Wish Lists, which are connected to user accounts",Base,Frontend,N,1,Wish List,configuration objects type 3,simple,modified,1,WP 1,1,,
Tax-Avalara Integration,Tax,Avalara Integration,validate both customer and warehouse addresses to improve the rate of accuracy when calculating sales tax during the checkout process,Base,Backoffice,N,1,Avalara Integration,commerce integration components,simple,modified,1,WP 1,1,https://docs.spryker.com/docs/pbc/all/tax-management/202307.0/base-shop/third-party-integrations/avalara/avalara.html,
Tax-Manage Tax Rates & Sets,Tax,Manage Tax Rates & Sets,The Tax feature lets you define taxes for the items. The feature is represented by two entities: tax rates and tax sets.,Base,Backoffice,N,1,Manage Tax Rates & Sets,configuration objects type 3,medium,modified,1,WP 1,1,https://docs.spryker.com/docs/pbc/all/tax-management/202307.0/base-shop/tax-feature-overview.html,
Price -Vehicle price calculation,Price ,Vehicle price calculation,Calculation of price based on data coming from different systems,Custom,Backoffice,N,1,Vehicle price calculation,commerce business modules,medium,new,1,WP 1,1,,
Inventory-On-demand inventory check,Inventory,On-demand inventory check,,Custom,Frontend,N,1,On-demand inventory check,commerce business modules,simple,new,1,WP 1,1,,
Search-Faced filters,Search,Faced filters,Different filter types,Base,Frontend,Y,1,Faced filters,configuration objects type 3,medium,modified,1,WP 1,1,Configuration of filters based on store catalog,
Search-Full-site Search,Search,Full-site Search,"Search products by their atrributes, categories and CMS pages",Base,Frontend,Y,1,Full-site Search,configuration objects type 3,simple,modified,1,WP 1,1,"Search covered by ootb Spryker engine, ElasticSearch",
Shipment-Shipment,Shipment,Shipment,,Base,Frontend,N,1,Shipment,commerce business modules,medium,modified,1,WP 1,1,,
CRM-Company Login,CRM,Company Login,,Base,Frontend,N,1,Company Login,commerce business modules,medium,modified,1,WP 1,1,,
CMS-Page with form,CMS,Page with form,,Custom,Frontend,N,1,Page with form,commerce business modules,medium,new,9,WP 1,1,,
CMS-ABB Item,CMS,ABB Item,,Custom,Frontend,N,1,ABB Item,commerce business modules,medium,new,7,WP 1,1,,
DAM-Resources,DAM,Resources,,Custom,Frontend,N,1,Resources,commerce business modules,medium,new,1,WP 1,1,,
CRM-Service Agreements,CRM,Service Agreements,,Custom,Frontend,N,1,Service Agreements,commerce business modules,medium,new,1,WP 1,1,,
PIM-Literature Library,PIM,Literature Library,Literature Library,Custom,eCommerce,N,1,Literature Library,commerce integration components,medium,new,1,WP 1,1,Integration with legacy,
CMS-CMS Blocks,CMS,CMS Blocks,"A CMS block is a piece of reusable content that you can add to multiple CMS pages and templates. For example, with the help of a block, you can add banners to the top of a page or add SEO text to the bottom of a page.",Base,Backoffice,N,1,CMS Blocks,commerce presentation components,medium,new,3,WP 1,1,https://docs.spryker.com/docs/pbc/all/content-management-system/202307.0/base-shop/cms-feature-overview/cms-blocks-overview.html,
Analytics and Reporting-Google Tag Manager and GA4,Analytics and Reporting,Google Tag Manager and GA4,Embedd Tag Manager and integrate with GA4. Basic tagging in scope,Custom,Frontend,N,1,Google Tag Manager and GA4,configuration objects type 3,complex,new,1,WP 1,1,,
CRM-Company User Roles and Permissions,CRM,Company User Roles and Permissions,Management of roles and permissions per Company,B2B,Backoffice,Y,1,Company User Roles and Permissions,configuration objects type 3,medium,new,1,WP 1,1,,
PIM-Product Attributes,PIM,Product Attributes,All products can be assigned a multitude of attributes to simplify the filter and category functions,Base,Backoffice,Y,1,Product Attributes,configuration objects type 3,medium,new,1,WP 1,1,https://docs.spryker.com/docs/pbc/all/product-information-management/202307.0/base-shop/feature-overviews/product-feature-overview/product-attributes-overview.html,
CMS-About Us,CMS,About Us,,Base,Frontend,Y,1,About Us,configuration objects type 3,simple,new,1,WP 1,1,,
CMS-Footer,CMS,Footer,,Base,Frontend,Y,1,Footer,configuration objects type 3,simple,new,1,WP 1,1,,
Report-Generic Report,Report,Generic Report,Various kinds of reports,Custom,Backoffice,N,1,Generic Report,reports type 3,medium,new,1,WP 1,1,"Contain one chart, table with pagination, filtering by: business organization, order status, category, SKU, date range and seller. 
Can be downloaded as CSV",
